property_url,mls,mls_id,status,style,street,unit,city,state,zip_code,beds,full_baths,half_baths,sqft,year_built,days_on_mls,list_price,list_date,sold_price,last_sold_date,lot_sqft,price_per_sqft,latitude,longitude,stories,hoa_fee,parking_garage,primary_photo,alt_photos
https://www.realtor.com/realestateandhomes-detail/3052547858,BSMA,73174886,SOLD,SINGLE_FAMILY,18  Rock Brook Way,,Boxford,MA,01921,5,3,1,5251,1998,57,1349000,2023-11-01,1350000,2023-12-28,87120,257,42.709081,-71.044041,,0,3,http://ap.rdcpix.com/f7d9dff3b92348ef653fc0a35248f0b6l-b2520941053od-w480_h360_x2.webp?w=1080&q=75,"http://ap.rdcpix.com/f7d9dff3b92348ef653fc0a35248f0b6l-b2520941053od-w480_h360_x2.webp?w=1080&q=75, http://ap.rdcpix.com/f7d9dff3b92348ef653fc0a35248f0b6l-b2699321846od-w480_h360_x2.webp?w=1080&q=75, http://ap.rdcpix.com/f7d9dff3b92348ef653fc0a35248f0b6l-b1771600787od-w480_h360_x2.webp?w=1080&q=75, http://ap.rdcpix.com/f7d9dff3b92348ef653fc0a35248f0b6l-b420456202od-w480_h360_x2.webp?w=1080&q=75, http://ap.rdcpix.com/f7d9dff3b92348ef653fc0a35248f0b6l-b1366233948od-w480_h360_x2.webp?w=1080&q=75, http://ap.rdcpix.com/f7d9dff3b92348ef653fc0a35248f0b6l-b4149605971od-w480_h360_x2.webp?w=1080&q=75, http://ap.rdcpix.com/f7d9dff3b92348ef653fc0a35248f0b6l-b105754033od-w480_h360_x2.webp?w=1080&q=75, http://ap.rdcpix.com/f7d9dff3b92348ef653fc0a35248f0b6l-b3045274755od-w480_h360_x2.webp?w=1080&q=75, http://ap.rdcpix.com/f7d9dff3b92348ef653fc0a35248f0b6l-b2970390904od-w480_h360_x2.webp?w=1080&q=75, http://ap.rdcpix.com/f7d9dff3b92348ef653fc0a35248f0b6l-b3856630524od-w480_h360_x2.webp?w=1080&q=75, http://ap.rdcpix.com/f7d9dff3b92348ef653fc0a35248f0b6l-b3637737436od-w480_h360_x2.webp?w=1080&q=75, http://ap.rdcpix.com/f7d9dff3b92348ef653fc0a35248f0b6l-b2712513296od-w480_h360_x2.webp?w=1080&q=75, http://ap.rdcpix.com/f7d9dff3b92348ef653fc0a35248f0b6l-b3590289343od-w480_h360_x2.webp?w=1080&q=75, http://ap.rdcpix.com/f7d9dff3b92348ef653fc0a35248f0b6l-b573080956od-w480_h360_x2.webp?w=1080&q=75, http://ap.rdcpix.com/f7d9dff3b92348ef653fc0a35248f0b6l-b2986436480od-w480_h360_x2.webp?w=1080&q=75, http://ap.rdcpix.com/f7d9dff3b92348ef653fc0a35248f0b6l-b1466028564od-w480_h360_x2.webp?w=1080&q=75, http://ap.rdcpix.com/f7d9dff3b92348ef653fc0a35248f0b6l-b2849066080od-w480_h360_x2.webp?w=1080&q=75, http://ap.rdcpix.com/f7d9dff3b92348ef653fc0a35248f0b6l-b2769405378od-w480_h360_x2.webp?w=1080&q=75, http://ap.rdcpix.com/f7d9dff3b92348ef653fc0a35248f0b6l-b2507951677od-w480_h360_x2.webp?w=1080&q=75, http://ap.rdcpix.com/f7d9dff3b92348ef653fc0a35248f0b6l-b3547672156od-w480_h360_x2.webp?w=1080&q=75, http://ap.rdcpix.com/f7d9dff3b92348ef653fc0a35248f0b6l-b441507424od-w480_h360_x2.webp?w=1080&q=75, http://ap.rdcpix.com/f7d9dff3b92348ef653fc0a35248f0b6l-b1838200278od-w480_h360_x2.webp?w=1080&q=75, http://ap.rdcpix.com/f7d9dff3b92348ef653fc0a35248f0b6l-b941460352od-w480_h360_x2.webp?w=1080&q=75, http://ap.rdcpix.com/f7d9dff3b92348ef653fc0a35248f0b6l-b1019454973od-w480_h360_x2.webp?w=1080&q=75, http://ap.rdcpix.com/f7d9dff3b92348ef653fc0a35248f0b6l-b3853295302od-w480_h360_x2.webp?w=1080&q=75, http://ap.rdcpix.com/f7d9dff3b92348ef653fc0a35248f0b6l-b1694778908od-w480_h360_x2.webp?w=1080&q=75, http://ap.rdcpix.com/f7d9dff3b92348ef653fc0a35248f0b6l-b4166285804od-w480_h360_x2.webp?w=1080&q=75, http://ap.rdcpix.com/f7d9dff3b92348ef653fc0a35248f0b6l-b559486636od-w480_h360_x2.webp?w=1080&q=75, http://ap.rdcpix.com/f7d9dff3b92348ef653fc0a35248f0b6l-b1050835538od-w480_h360_x2.webp?w=1080&q=75, http://ap.rdcpix.com/f7d9dff3b92348ef653fc0a35248f0b6l-b2949661202od-w480_h360_x2.webp?w=1080&q=75, http://ap.rdcpix.com/f7d9dff3b92348ef653fc0a35248f0b6l-b3267689158od-w480_h360_x2.webp?w=1080&q=75, http://ap.rdcpix.com/f7d9dff3b92348ef653fc0a35248f0b6l-b3542444272od-w480_h360_x2.webp?w=1080&q=75, http://ap.rdcpix.com/f7d9dff3b92348ef653fc0a35248f0b6l-b171074871od-w480_h360_x2.webp?w=1080&q=75, http://ap.rdcpix.com/f7d9dff3b92348ef653fc0a35248f0b6l-b2024906405od-w480_h360_x2.webp?w=1080&q=75, http://ap.rdcpix.com/f7d9dff3b92348ef653fc0a35248f0b6l-b3259348od-w480_h360_x2.webp?w=1080&q=75, http://ap.rdcpix.com/f7d9dff3b92348ef653fc0a35248f0b6l-b3413816349od-w480_h360_x2.webp?w=1080&q=75, http://ap.rdcpix.com/f7d9dff3b92348ef653fc0a35248f0b6l-b1862016489od-w480_h360_x2.webp?w=1080&q=75, http://ap.rdcpix.com/f7d9dff3b92348ef653fc0a35248f0b6l-b2292024957od-w480_h360_x2.webp?w=1080&q=75, http://ap.rdcpix.com/f7d9dff3b92348ef653fc0a35248f0b6l-b1518232094od-w480_h360_x2.webp?w=1080&q=75, http://ap.rdcpix.com/f7d9dff3b92348ef653fc0a35248f0b6l-b1177353399od-w480_h360_x2.webp?w=1080&q=75, http://ap.rdcpix.com/f7d9dff3b92348ef653fc0a35248f0b6l-b2007141549od-w480_h360_x2.webp?w=1080&q=75, http://ap.rdcpix.com/f7d9dff3b92348ef653fc0a35248f0b6l-b698344668od-w480_h360_x2.webp?w=1080&q=75"
https://www.realtor.com/realestateandhomes-detail/4796456276,BSMA,73180843,SOLD,SINGLE_FAMILY,13  Highland Rd,,Boxford,MA,01921,3,2,1,3012,1959,35,749000,2023-11-16,749000,2023-12-21,81457,249,42.69748,-71.035273,2,0,2,http://ap.rdcpix.com/d96cfdcd1f06a3a91fb703cc3d3fcaf6l-m3149384776od-w480_h360_x2.webp?w=1080&q=75,"http://ap.rdcpix.com/d96cfdcd1f06a3a91fb703cc3d3fcaf6l-m3149384776od-w480_h360_x2.webp?w=1080&q=75, http://ap.rdcpix.com/d96cfdcd1f06a3a91fb703cc3d3fcaf6l-m208865699od-w480_h360_x2.webp?w=1080&q=75, http://ap.rdcpix.com/d96cfdcd1f06a3a91fb703cc3d3fcaf6l-m1847149597od-w480_h360_x2.webp?w=1080&q=75, http://ap.rdcpix.com/d96cfdcd1f06a3a91fb703cc3d3fcaf6l-m3313314472od-w480_h360_x2.webp?w=1080&q=75, http://ap.rdcpix.com/d96cfdcd1f06a3a91fb703cc3d3fcaf6l-m3476967115od-w480_h360_x2.webp?w=1080&q=75, http://ap.rdcpix.com/d96cfdcd1f06a3a91fb703cc3d3fcaf6l-m996770700od-w480_h360_x2.webp?w=1080&q=75, http://ap.rdcpix.com/d96cfdcd1f06a3a91fb703cc3d3fcaf6l-m1397482620od-w480_h360_x2.webp?w=1080&q=75, http://ap.rdcpix.com/d96cfdcd1f06a3a91fb703cc3d3fcaf6l-m463355838od-w480_h360_x2.webp?w=1080&q=75, http://ap.rdcpix.com/d96cfdcd1f06a3a91fb703cc3d3fcaf6l-m1652451664od-w480_h360_x2.webp?w=1080&q=75, http://ap.rdcpix.com/d96cfdcd1f06a3a91fb703cc3d3fcaf6l-m621660338od-w480_h360_x2.webp?w=1080&q=75, http://ap.rdcpix.com/d96cfdcd1f06a3a91fb703cc3d3fcaf6l-m3615182734od-w480_h360_x2.webp?w=1080&q=75, http://ap.rdcpix.com/d96cfdcd1f06a3a91fb703cc3d3fcaf6l-m2168590489od-w480_h360_x2.webp?w=1080&q=75, http://ap.rdcpix.com/d96cfdcd1f06a3a91fb703cc3d3fcaf6l-m3795520544od-w480_h360_x2.webp?w=1080&q=75, http://ap.rdcpix.com/d96cfdcd1f06a3a91fb703cc3d3fcaf6l-m2637259448od-w480_h360_x2.webp?w=1080&q=75, http://ap.rdcpix.com/d96cfdcd1f06a3a91fb703cc3d3fcaf6l-m996086348od-w480_h360_x2.webp?w=1080&q=75, http://ap.rdcpix.com/d96cfdcd1f06a3a91fb703cc3d3fcaf6l-m391705531od-w480_h360_x2.webp?w=1080&q=75, http://ap.rdcpix.com/d96cfdcd1f06a3a91fb703cc3d3fcaf6l-m3926616425od-w480_h360_x2.webp?w=1080&q=75, http://ap.rdcpix.com/d96cfdcd1f06a3a91fb703cc3d3fcaf6l-m3019175446od-w480_h360_x2.webp?w=1080&q=75, http://ap.rdcpix.com/d96cfdcd1f06a3a91fb703cc3d3fcaf6l-m3638995812od-w480_h360_x2.webp?w=1080&q=75, http://ap.rdcpix.com/d96cfdcd1f06a3a91fb703cc3d3fcaf6l-m3578832036od-w480_h360_x2.webp?w=1080&q=75, http://ap.rdcpix.com/d96cfdcd1f06a3a91fb703cc3d3fcaf6l-m3816690541od-w480_h360_x2.webp?w=1080&q=75, http://ap.rdcpix.com/d96cfdcd1f06a3a91fb703cc3d3fcaf6l-m3916653179od-w480_h360_x2.webp?w=1080&q=75, http://ap.rdcpix.com/d96cfdcd1f06a3a91fb703cc3d3fcaf6l-m1920470708od-w480_h360_x2.webp?w=1080&q=75, http://ap.rdcpix.com/d96cfdcd1f06a3a91fb703cc3d3fcaf6l-m3798712174od-w480_h360_x2.webp?w=1080&q=75, http://ap.rdcpix.com/d96cfdcd1f06a3a91fb703cc3d3fcaf6l-m411314656od-w480_h360_x2.webp?w=1080&q=75, http://ap.rdcpix.com/d96cfdcd1f06a3a91fb703cc3d3fcaf6l-m1625949241od-w480_h360_x2.webp?w=1080&q=75, http://ap.rdcpix.com/d96cfdcd1f06a3a91fb703cc3d3fcaf6l-m4002352366od-w480_h360_x2.webp?w=1080&q=75, http://ap.rdcpix.com/d96cfdcd1f06a3a91fb703cc3d3fcaf6l-m1905487404od-w480_h360_x2.webp?w=1080&q=75, http://ap.rdcpix.com/d96cfdcd1f06a3a91fb703cc3d3fcaf6l-m2880277054od-w480_h360_x2.webp?w=1080&q=75, http://ap.rdcpix.com/d96cfdcd1f06a3a91fb703cc3d3fcaf6l-m2563748697od-w480_h360_x2.webp?w=1080&q=75, http://ap.rdcpix.com/d96cfdcd1f06a3a91fb703cc3d3fcaf6l-m3513636763od-w480_h360_x2.webp?w=1080&q=75, http://ap.rdcpix.com/d96cfdcd1f06a3a91fb703cc3d3fcaf6l-m3503755362od-w480_h360_x2.webp?w=1080&q=75, http://ap.rdcpix.com/d96cfdcd1f06a3a91fb703cc3d3fcaf6l-m2257442988od-w480_h360_x2.webp?w=1080&q=75, http://ap.rdcpix.com/d96cfdcd1f06a3a91fb703cc3d3fcaf6l-m2930800196od-w480_h360_x2.webp?w=1080&q=75, http://ap.rdcpix.com/d96cfdcd1f06a3a91fb703cc3d3fcaf6l-m1296981502od-w480_h360_x2.webp?w=1080&q=75"
https://www.realtor.com/realestateandhomes-detail/3852461314,BSMA,73180263,SOLD,SINGLE_FAMILY,89  Ipswich Rd,,Boxford,MA,01921,4,2,1,1862,1976,37,799000,2023-11-14,810000,2023-12-21,87120,435,42.677832,-70.980186,,0,2,http://ap.rdcpix.com/37ec5dc4c148144515ab8258501b4828l-b2015317747od-w480_h360_x2.webp?w=1080&q=75,"http://ap.rdcpix.com/37ec5dc4c148144515ab8258501b4828l-b2015317747od-w480_h360_x2.webp?w=1080&q=75, http://ap.rdcpix.com/37ec5dc4c148144515ab8258501b4828l-b1624244098od-w480_h360_x2.webp?w=1080&q=75, http://ap.rdcpix.com/37ec5dc4c148144515ab8258501b4828l-b3327447471od-w480_h360_x2.webp?w=1080&q=75, http://ap.rdcpix.com/37ec5dc4c148144515ab8258501b4828l-b4155147050od-w480_h360_x2.webp?w=1080&q=75, http://ap.rdcpix.com/37ec5dc4c148144515ab8258501b4828l-b3852112728od-w480_h360_x2.webp?w=1080&q=75, http://ap.rdcpix.com/37ec5dc4c148144515ab8258501b4828l-b976055434od-w480_h360_x2.webp?w=1080&q=75, http://ap.rdcpix.com/37ec5dc4c148144515ab8258501b4828l-b1790302572od-w480_h360_x2.webp?w=1080&q=75, http://ap.rdcpix.com/37ec5dc4c148144515ab8258501b4828l-b4212703629od-w480_h360_x2.webp?w=1080&q=75, http://ap.rdcpix.com/37ec5dc4c148144515ab8258501b4828l-b3964727328od-w480_h360_x2.webp?w=1080&q=75, http://ap.rdcpix.com/37ec5dc4c148144515ab8258501b4828l-b1138832776od-w480_h360_x2.webp?w=1080&q=75, http://ap.rdcpix.com/37ec5dc4c148144515ab8258501b4828l-b574569693od-w480_h360_x2.webp?w=1080&q=75, http://ap.rdcpix.com/37ec5dc4c148144515ab8258501b4828l-b3859282898od-w480_h360_x2.webp?w=1080&q=75, http://ap.rdcpix.com/37ec5dc4c148144515ab8258501b4828l-b3220653265od-w480_h360_x2.webp?w=1080&q=75, http://ap.rdcpix.com/37ec5dc4c148144515ab8258501b4828l-b2933273875od-w480_h360_x2.webp?w=1080&q=75, http://ap.rdcpix.com/37ec5dc4c148144515ab8258501b4828l-b1563410119od-w480_h360_x2.webp?w=1080&q=75, http://ap.rdcpix.com/37ec5dc4c148144515ab8258501b4828l-b366622201od-w480_h360_x2.webp?w=1080&q=75, http://ap.rdcpix.com/37ec5dc4c148144515ab8258501b4828l-b1796651524od-w480_h360_x2.webp?w=1080&q=75"
https://www.realtor.com/realestateandhomes-detail/3232065424,BSMA,73055448,SOLD,SINGLE_FAMILY,10  Old Killam Hill Rd,,Boxford,MA,01921,4,1,1,2056,1956,0,450000,2023-12-20,400000,2023-12-20,152460,195,42.685593,-70.977168,,0,1,http://ap.rdcpix.com/d8979f78bc755327bf12e23f33ed36e0l-m452381690od-w480_h360_x2.webp?w=1080&q=75,"http://ap.rdcpix.com/d8979f78bc755327bf12e23f33ed36e0l-m452381690od-w480_h360_x2.webp?w=1080&q=75, http://ap.rdcpix.com/d8979f78bc755327bf12e23f33ed36e0l-m3481226520od-w480_h360_x2.webp?w=1080&q=75, http://ap.rdcpix.com/d8979f78bc755327bf12e23f33ed36e0l-m1954285084od-w480_h360_x2.webp?w=1080&q=75, http://ap.rdcpix.com/d8979f78bc755327bf12e23f33ed36e0l-m3435677957od-w480_h360_x2.webp?w=1080&q=75, http://ap.rdcpix.com/d8979f78bc755327bf12e23f33ed36e0l-m3635619769od-w480_h360_x2.webp?w=1080&q=75, http://ap.rdcpix.com/d8979f78bc755327bf12e23f33ed36e0l-m4241198133od-w480_h360_x2.webp?w=1080&q=75, http://ap.rdcpix.com/d8979f78bc755327bf12e23f33ed36e0l-m3288280319od-w480_h360_x2.webp?w=1080&q=75, http://ap.rdcpix.com/d8979f78bc755327bf12e23f33ed36e0l-m3759765486od-w480_h360_x2.webp?w=1080&q=75, http://ap.rdcpix.com/d8979f78bc755327bf12e23f33ed36e0l-m1487579635od-w480_h360_x2.webp?w=1080&q=75, http://ap.rdcpix.com/d8979f78bc755327bf12e23f33ed36e0l-m1237105766od-w480_h360_x2.webp?w=1080&q=75, http://ap.rdcpix.com/d8979f78bc755327bf12e23f33ed36e0l-m209251716od-w480_h360_x2.webp?w=1080&q=75, http://ap.rdcpix.com/d8979f78bc755327bf12e23f33ed36e0l-m2232544125od-w480_h360_x2.webp?w=1080&q=75, http://ap.rdcpix.com/d8979f78bc755327bf12e23f33ed36e0l-m667838599od-w480_h360_x2.webp?w=1080&q=75, http://ap.rdcpix.com/d8979f78bc755327bf12e23f33ed36e0l-m3611081061od-w480_h360_x2.webp?w=1080&q=75, http://ap.rdcpix.com/d8979f78bc755327bf12e23f33ed36e0l-m2731128553od-w480_h360_x2.webp?w=1080&q=75, http://ap.rdcpix.com/d8979f78bc755327bf12e23f33ed36e0l-m3362475206od-w480_h360_x2.webp?w=1080&q=75, http://ap.rdcpix.com/d8979f78bc755327bf12e23f33ed36e0l-m1017116053od-w480_h360_x2.webp?w=1080&q=75"
https://www.realtor.com/realestateandhomes-detail/3261356454,BSMA,73168079,SOLD,SINGLE_FAMILY,31  Hillside Rd,,Boxford,MA,01921,4,3,,3260,1959,67,929000,2023-10-09,929000,2023-12-15,75794,285,42.691894,-70.994326,,0,2,http://ap.rdcpix.com/3cff546e0dec82efe16cd33a72f59d66l-m508959750od-w480_h360_x2.webp?w=1080&q=75,"http://ap.rdcpix.com/3cff546e0dec82efe16cd33a72f59d66l-m508959750od-w480_h360_x2.webp?w=1080&q=75, http://ap.rdcpix.com/3cff546e0dec82efe16cd33a72f59d66l-m2899015465od-w480_h360_x2.webp?w=1080&q=75, http://ap.rdcpix.com/3cff546e0dec82efe16cd33a72f59d66l-m1392713271od-w480_h360_x2.webp?w=1080&q=75, http://ap.rdcpix.com/3cff546e0dec82efe16cd33a72f59d66l-m2556351139od-w480_h360_x2.webp?w=1080&q=75, http://ap.rdcpix.com/3cff546e0dec82efe16cd33a72f59d66l-m1054347700od-w480_h360_x2.webp?w=1080&q=75, http://ap.rdcpix.com/3cff546e0dec82efe16cd33a72f59d66l-m2637315293od-w480_h360_x2.webp?w=1080&q=75, http://ap.rdcpix.com/3cff546e0dec82efe16cd33a72f59d66l-m2972770560od-w480_h360_x2.webp?w=1080&q=75, http://ap.rdcpix.com/3cff546e0dec82efe16cd33a72f59d66l-m921613435od-w480_h360_x2.webp?w=1080&q=75, http://ap.rdcpix.com/3cff546e0dec82efe16cd33a72f59d66l-m1092700778od-w480_h360_x2.webp?w=1080&q=75, http://ap.rdcpix.com/3cff546e0dec82efe16cd33a72f59d66l-m3829413178od-w480_h360_x2.webp?w=1080&q=75, http://ap.rdcpix.com/3cff546e0dec82efe16cd33a72f59d66l-m1673600856od-w480_h360_x2.webp?w=1080&q=75, http://ap.rdcpix.com/3cff546e0dec82efe16cd33a72f59d66l-m2357119031od-w480_h360_x2.webp?w=1080&q=75, http://ap.rdcpix.com/3cff546e0dec82efe16cd33a72f59d66l-m3969670376od-w480_h360_x2.webp?w=1080&q=75, http://ap.rdcpix.com/3cff546e0dec82efe16cd33a72f59d66l-m132137233od-w480_h360_x2.webp?w=1080&q=75, http://ap.rdcpix.com/3cff546e0dec82efe16cd33a72f59d66l-m2251605410od-w480_h360_x2.webp?w=1080&q=75, http://ap.rdcpix.com/3cff546e0dec82efe16cd33a72f59d66l-m1428654562od-w480_h360_x2.webp?w=1080&q=75, http://ap.rdcpix.com/3cff546e0dec82efe16cd33a72f59d66l-m2415719902od-w480_h360_x2.webp?w=1080&q=75, http://ap.rdcpix.com/3cff546e0dec82efe16cd33a72f59d66l-m2289552420od-w480_h360_x2.webp?w=1080&q=75, http://ap.rdcpix.com/3cff546e0dec82efe16cd33a72f59d66l-m1752555944od-w480_h360_x2.webp?w=1080&q=75, http://ap.rdcpix.com/3cff546e0dec82efe16cd33a72f59d66l-m1901463074od-w480_h360_x2.webp?w=1080&q=75, http://ap.rdcpix.com/3cff546e0dec82efe16cd33a72f59d66l-m2731524260od-w480_h360_x2.webp?w=1080&q=75, http://ap.rdcpix.com/3cff546e0dec82efe16cd33a72f59d66l-m1180423004od-w480_h360_x2.webp?w=1080&q=75, http://ap.rdcpix.com/3cff546e0dec82efe16cd33a72f59d66l-m3080903406od-w480_h360_x2.webp?w=1080&q=75, http://ap.rdcpix.com/3cff546e0dec82efe16cd33a72f59d66l-m90482007od-w480_h360_x2.webp?w=1080&q=75, http://ap.rdcpix.com/3cff546e0dec82efe16cd33a72f59d66l-m3423121398od-w480_h360_x2.webp?w=1080&q=75, http://ap.rdcpix.com/3cff546e0dec82efe16cd33a72f59d66l-m1668649569od-w480_h360_x2.webp?w=1080&q=75, http://ap.rdcpix.com/3cff546e0dec82efe16cd33a72f59d66l-m1562622081od-w480_h360_x2.webp?w=1080&q=75, http://ap.rdcpix.com/3cff546e0dec82efe16cd33a72f59d66l-m4175389508od-w480_h360_x2.webp?w=1080&q=75, http://ap.rdcpix.com/3cff546e0dec82efe16cd33a72f59d66l-m3866876454od-w480_h360_x2.webp?w=1080&q=75, http://ap.rdcpix.com/3cff546e0dec82efe16cd33a72f59d66l-m1636007764od-w480_h360_x2.webp?w=1080&q=75, http://ap.rdcpix.com/3cff546e0dec82efe16cd33a72f59d66l-m4213173325od-w480_h360_x2.webp?w=1080&q=75, http://ap.rdcpix.com/3cff546e0dec82efe16cd33a72f59d66l-m566092894od-w480_h360_x2.webp?w=1080&q=75, http://ap.rdcpix.com/3cff546e0dec82efe16cd33a72f59d66l-m1315821219od-w480_h360_x2.webp?w=1080&q=75, http://ap.rdcpix.com/3cff546e0dec82efe16cd33a72f59d66l-m2189316677od-w480_h360_x2.webp?w=1080&q=75, http://ap.rdcpix.com/3cff546e0dec82efe16cd33a72f59d66l-m1895657723od-w480_h360_x2.webp?w=1080&q=75, http://ap.rdcpix.com/3cff546e0dec82efe16cd33a72f59d66l-m1287151347od-w480_h360_x2.webp?w=1080&q=75, http://ap.rdcpix.com/3cff546e0dec82efe16cd33a72f59d66l-m4228000201od-w480_h360_x2.webp?w=1080&q=75, http://ap.rdcpix.com/3cff546e0dec82efe16cd33a72f59d66l-m693393313od-w480_h360_x2.webp?w=1080&q=75, http://ap.rdcpix.com/3cff546e0dec82efe16cd33a72f59d66l-m1841366149od-w480_h360_x2.webp?w=1080&q=75, http://ap.rdcpix.com/3cff546e0dec82efe16cd33a72f59d66l-m3917211463od-w480_h360_x2.webp?w=1080&q=75"
https://www.realtor.com/realestateandhomes-detail/3755564605,BSMA,73152015,SOLD,SINGLE_FAMILY,40  Dana Rd,,Boxford,MA,01921,4,4,1,4725,2003,0,1675000,2023-12-15,1775000,2023-12-15,94961,376,42.651761,-70.990888,,0,3,http://ap.rdcpix.com/bab936034a80fefbcada795bca271cc2l-b1346381172od-w480_h360_x2.webp?w=1080&q=75,"http://ap.rdcpix.com/bab936034a80fefbcada795bca271cc2l-b1346381172od-w480_h360_x2.webp?w=1080&q=75, http://ap.rdcpix.com/bab936034a80fefbcada795bca271cc2l-b1823428204od-w480_h360_x2.webp?w=1080&q=75, http://ap.rdcpix.com/bab936034a80fefbcada795bca271cc2l-b2454077543od-w480_h360_x2.webp?w=1080&q=75, http://ap.rdcpix.com/bab936034a80fefbcada795bca271cc2l-b3066169000od-w480_h360_x2.webp?w=1080&q=75, http://ap.rdcpix.com/bab936034a80fefbcada795bca271cc2l-b23594010od-w480_h360_x2.webp?w=1080&q=75, http://ap.rdcpix.com/bab936034a80fefbcada795bca271cc2l-b3739977333od-w480_h360_x2.webp?w=1080&q=75, http://ap.rdcpix.com/bab936034a80fefbcada795bca271cc2l-b1887314395od-w480_h360_x2.webp?w=1080&q=75, http://ap.rdcpix.com/bab936034a80fefbcada795bca271cc2l-b1825866521od-w480_h360_x2.webp?w=1080&q=75, http://ap.rdcpix.com/bab936034a80fefbcada795bca271cc2l-b4166814732od-w480_h360_x2.webp?w=1080&q=75, http://ap.rdcpix.com/bab936034a80fefbcada795bca271cc2l-b3333589693od-w480_h360_x2.webp?w=1080&q=75, http://ap.rdcpix.com/bab936034a80fefbcada795bca271cc2l-b1285371251od-w480_h360_x2.webp?w=1080&q=75, http://ap.rdcpix.com/bab936034a80fefbcada795bca271cc2l-b4051076185od-w480_h360_x2.webp?w=1080&q=75, http://ap.rdcpix.com/bab936034a80fefbcada795bca271cc2l-b454519734od-w480_h360_x2.webp?w=1080&q=75, http://ap.rdcpix.com/bab936034a80fefbcada795bca271cc2l-b3533477468od-w480_h360_x2.webp?w=1080&q=75, http://ap.rdcpix.com/bab936034a80fefbcada795bca271cc2l-b3278778643od-w480_h360_x2.webp?w=1080&q=75, http://ap.rdcpix.com/bab936034a80fefbcada795bca271cc2l-b1745045837od-w480_h360_x2.webp?w=1080&q=75, http://ap.rdcpix.com/bab936034a80fefbcada795bca271cc2l-b3671409762od-w480_h360_x2.webp?w=1080&q=75, http://ap.rdcpix.com/bab936034a80fefbcada795bca271cc2l-b2720661993od-w480_h360_x2.webp?w=1080&q=75, http://ap.rdcpix.com/bab936034a80fefbcada795bca271cc2l-b2718700073od-w480_h360_x2.webp?w=1080&q=75, http://ap.rdcpix.com/bab936034a80fefbcada795bca271cc2l-b3155171742od-w480_h360_x2.webp?w=1080&q=75, http://ap.rdcpix.com/bab936034a80fefbcada795bca271cc2l-b93771150od-w480_h360_x2.webp?w=1080&q=75, http://ap.rdcpix.com/bab936034a80fefbcada795bca271cc2l-b1174246977od-w480_h360_x2.webp?w=1080&q=75, http://ap.rdcpix.com/bab936034a80fefbcada795bca271cc2l-b1090286982od-w480_h360_x2.webp?w=1080&q=75, http://ap.rdcpix.com/bab936034a80fefbcada795bca271cc2l-b492617990od-w480_h360_x2.webp?w=1080&q=75, http://ap.rdcpix.com/bab936034a80fefbcada795bca271cc2l-b1323193372od-w480_h360_x2.webp?w=1080&q=75, http://ap.rdcpix.com/bab936034a80fefbcada795bca271cc2l-b3293237011od-w480_h360_x2.webp?w=1080&q=75, http://ap.rdcpix.com/bab936034a80fefbcada795bca271cc2l-b411647170od-w480_h360_x2.webp?w=1080&q=75, http://ap.rdcpix.com/bab936034a80fefbcada795bca271cc2l-b3767007541od-w480_h360_x2.webp?w=1080&q=75, http://ap.rdcpix.com/bab936034a80fefbcada795bca271cc2l-b2110187558od-w480_h360_x2.webp?w=1080&q=75, http://ap.rdcpix.com/bab936034a80fefbcada795bca271cc2l-b1939709807od-w480_h360_x2.webp?w=1080&q=75, http://ap.rdcpix.com/bab936034a80fefbcada795bca271cc2l-b3524528012od-w480_h360_x2.webp?w=1080&q=75, http://ap.rdcpix.com/bab936034a80fefbcada795bca271cc2l-b3849599275od-w480_h360_x2.webp?w=1080&q=75, http://ap.rdcpix.com/bab936034a80fefbcada795bca271cc2l-b1385856344od-w480_h360_x2.webp?w=1080&q=75, http://ap.rdcpix.com/bab936034a80fefbcada795bca271cc2l-b1919275073od-w480_h360_x2.webp?w=1080&q=75"
https://www.realtor.com/realestateandhomes-detail/4310056823,BSMA,73153889,SOLD,SINGLE_FAMILY,1  Tanglewood Rd,,Boxford,MA,01921,5,4,1,4500,1974,0,1295000,2023-12-14,1345000,2023-12-14,87120,299,42.662932,-71.022338,,0,3,,
https://www.realtor.com/realestateandhomes-detail/3404457674,BSMA,73166696,SOLD,SINGLE_FAMILY,16  Berry Patch Ln,,Boxford,MA,01921,3,3,1,4041,1990,68,1349000,2023-10-04,1349000,2023-12-11,164221,334,42.670196,-71.023236,,0,3,http://ap.rdcpix.com/e0a7cacc0b7fc9696f7d8e8a8cd1e629l-m4091354726od-w480_h360_x2.webp?w=1080&q=75,"http://ap.rdcpix.com/e0a7cacc0b7fc9696f7d8e8a8cd1e629l-m4091354726od-w480_h360_x2.webp?w=1080&q=75, http://ap.rdcpix.com/e0a7cacc0b7fc9696f7d8e8a8cd1e629l-m3522379474od-w480_h360_x2.webp?w=1080&q=75, http://ap.rdcpix.com/e0a7cacc0b7fc9696f7d8e8a8cd1e629l-m1202402926od-w480_h360_x2.webp?w=1080&q=75, http://ap.rdcpix.com/e0a7cacc0b7fc9696f7d8e8a8cd1e629l-m2625269135od-w480_h360_x2.webp?w=1080&q=75, http://ap.rdcpix.com/e0a7cacc0b7fc9696f7d8e8a8cd1e629l-m742240242od-w480_h360_x2.webp?w=1080&q=75, http://ap.rdcpix.com/e0a7cacc0b7fc9696f7d8e8a8cd1e629l-m3673008121od-w480_h360_x2.webp?w=1080&q=75, http://ap.rdcpix.com/e0a7cacc0b7fc9696f7d8e8a8cd1e629l-m444215466od-w480_h360_x2.webp?w=1080&q=75, http://ap.rdcpix.com/e0a7cacc0b7fc9696f7d8e8a8cd1e629l-m1010059825od-w480_h360_x2.webp?w=1080&q=75, http://ap.rdcpix.com/e0a7cacc0b7fc9696f7d8e8a8cd1e629l-m2074566456od-w480_h360_x2.webp?w=1080&q=75, http://ap.rdcpix.com/e0a7cacc0b7fc9696f7d8e8a8cd1e629l-m1437570242od-w480_h360_x2.webp?w=1080&q=75, http://ap.rdcpix.com/e0a7cacc0b7fc9696f7d8e8a8cd1e629l-m1266041019od-w480_h360_x2.webp?w=1080&q=75, http://ap.rdcpix.com/e0a7cacc0b7fc9696f7d8e8a8cd1e629l-m1254328891od-w480_h360_x2.webp?w=1080&q=75, http://ap.rdcpix.com/e0a7cacc0b7fc9696f7d8e8a8cd1e629l-m4184841950od-w480_h360_x2.webp?w=1080&q=75, http://ap.rdcpix.com/e0a7cacc0b7fc9696f7d8e8a8cd1e629l-m512489179od-w480_h360_x2.webp?w=1080&q=75, http://ap.rdcpix.com/e0a7cacc0b7fc9696f7d8e8a8cd1e629l-m728674767od-w480_h360_x2.webp?w=1080&q=75, http://ap.rdcpix.com/e0a7cacc0b7fc9696f7d8e8a8cd1e629l-m1779770225od-w480_h360_x2.webp?w=1080&q=75, http://ap.rdcpix.com/e0a7cacc0b7fc9696f7d8e8a8cd1e629l-m93036808od-w480_h360_x2.webp?w=1080&q=75, http://ap.rdcpix.com/e0a7cacc0b7fc9696f7d8e8a8cd1e629l-m2164141741od-w480_h360_x2.webp?w=1080&q=75, http://ap.rdcpix.com/e0a7cacc0b7fc9696f7d8e8a8cd1e629l-m3377047966od-w480_h360_x2.webp?w=1080&q=75, http://ap.rdcpix.com/e0a7cacc0b7fc9696f7d8e8a8cd1e629l-m1903227826od-w480_h360_x2.webp?w=1080&q=75, http://ap.rdcpix.com/e0a7cacc0b7fc9696f7d8e8a8cd1e629l-m182069358od-w480_h360_x2.webp?w=1080&q=75, http://ap.rdcpix.com/e0a7cacc0b7fc9696f7d8e8a8cd1e629l-m306364087od-w480_h360_x2.webp?w=1080&q=75, http://ap.rdcpix.com/e0a7cacc0b7fc9696f7d8e8a8cd1e629l-m2599161326od-w480_h360_x2.webp?w=1080&q=75, http://ap.rdcpix.com/e0a7cacc0b7fc9696f7d8e8a8cd1e629l-m2230985678od-w480_h360_x2.webp?w=1080&q=75, http://ap.rdcpix.com/e0a7cacc0b7fc9696f7d8e8a8cd1e629l-m3487409739od-w480_h360_x2.webp?w=1080&q=75, http://ap.rdcpix.com/e0a7cacc0b7fc9696f7d8e8a8cd1e629l-m1038942330od-w480_h360_x2.webp?w=1080&q=75, http://ap.rdcpix.com/e0a7cacc0b7fc9696f7d8e8a8cd1e629l-m237021834od-w480_h360_x2.webp?w=1080&q=75, http://ap.rdcpix.com/e0a7cacc0b7fc9696f7d8e8a8cd1e629l-m3047087635od-w480_h360_x2.webp?w=1080&q=75, http://ap.rdcpix.com/e0a7cacc0b7fc9696f7d8e8a8cd1e629l-m2054969077od-w480_h360_x2.webp?w=1080&q=75, http://ap.rdcpix.com/e0a7cacc0b7fc9696f7d8e8a8cd1e629l-m1862895399od-w480_h360_x2.webp?w=1080&q=75, http://ap.rdcpix.com/e0a7cacc0b7fc9696f7d8e8a8cd1e629l-m1754261281od-w480_h360_x2.webp?w=1080&q=75, http://ap.rdcpix.com/e0a7cacc0b7fc9696f7d8e8a8cd1e629l-m3409231895od-w480_h360_x2.webp?w=1080&q=75, http://ap.rdcpix.com/e0a7cacc0b7fc9696f7d8e8a8cd1e629l-m3488097703od-w480_h360_x2.webp?w=1080&q=75, http://ap.rdcpix.com/e0a7cacc0b7fc9696f7d8e8a8cd1e629l-m1596346389od-w480_h360_x2.webp?w=1080&q=75, http://ap.rdcpix.com/e0a7cacc0b7fc9696f7d8e8a8cd1e629l-m1618868286od-w480_h360_x2.webp?w=1080&q=75, http://ap.rdcpix.com/e0a7cacc0b7fc9696f7d8e8a8cd1e629l-m176862815od-w480_h360_x2.webp?w=1080&q=75, http://ap.rdcpix.com/e0a7cacc0b7fc9696f7d8e8a8cd1e629l-m933043214od-w480_h360_x2.webp?w=1080&q=75, http://ap.rdcpix.com/e0a7cacc0b7fc9696f7d8e8a8cd1e629l-m3781988148od-w480_h360_x2.webp?w=1080&q=75, http://ap.rdcpix.com/e0a7cacc0b7fc9696f7d8e8a8cd1e629l-m3837045864od-w480_h360_x2.webp?w=1080&q=75, http://ap.rdcpix.com/e0a7cacc0b7fc9696f7d8e8a8cd1e629l-m3451979910od-w480_h360_x2.webp?w=1080&q=75, http://ap.rdcpix.com/e0a7cacc0b7fc9696f7d8e8a8cd1e629l-m3072279170od-w480_h360_x2.webp?w=1080&q=75, http://ap.rdcpix.com/e0a7cacc0b7fc9696f7d8e8a8cd1e629l-m3651155od-w480_h360_x2.webp?w=1080&q=75"
https://www.realtor.com/realestateandhomes-detail/4653914045,BSMA,73176392,SOLD,SINGLE_FAMILY,30  Silvermine Rd,,Boxford,MA,01921,4,2,,2639,1971,37,799000,2023-11-01,805000,2023-12-08,90605,305,42.716928,-71.06095,,0,2,http://ap.rdcpix.com/06fd5bd685b8ae2c10568b4282e73740l-m532652236od-w480_h360_x2.webp?w=1080&q=75,"http://ap.rdcpix.com/06fd5bd685b8ae2c10568b4282e73740l-m532652236od-w480_h360_x2.webp?w=1080&q=75, http://ap.rdcpix.com/06fd5bd685b8ae2c10568b4282e73740l-m1743095361od-w480_h360_x2.webp?w=1080&q=75, http://ap.rdcpix.com/06fd5bd685b8ae2c10568b4282e73740l-m1516453476od-w480_h360_x2.webp?w=1080&q=75, http://ap.rdcpix.com/06fd5bd685b8ae2c10568b4282e73740l-m2480382010od-w480_h360_x2.webp?w=1080&q=75, http://ap.rdcpix.com/06fd5bd685b8ae2c10568b4282e73740l-m3164630260od-w480_h360_x2.webp?w=1080&q=75, http://ap.rdcpix.com/06fd5bd685b8ae2c10568b4282e73740l-m2152827494od-w480_h360_x2.webp?w=1080&q=75, http://ap.rdcpix.com/06fd5bd685b8ae2c10568b4282e73740l-m894493593od-w480_h360_x2.webp?w=1080&q=75, http://ap.rdcpix.com/06fd5bd685b8ae2c10568b4282e73740l-m1030617872od-w480_h360_x2.webp?w=1080&q=75, http://ap.rdcpix.com/06fd5bd685b8ae2c10568b4282e73740l-m2516591244od-w480_h360_x2.webp?w=1080&q=75, http://ap.rdcpix.com/06fd5bd685b8ae2c10568b4282e73740l-m3380091172od-w480_h360_x2.webp?w=1080&q=75, http://ap.rdcpix.com/06fd5bd685b8ae2c10568b4282e73740l-m2467289972od-w480_h360_x2.webp?w=1080&q=75, http://ap.rdcpix.com/06fd5bd685b8ae2c10568b4282e73740l-m3238626280od-w480_h360_x2.webp?w=1080&q=75, http://ap.rdcpix.com/06fd5bd685b8ae2c10568b4282e73740l-m2127009084od-w480_h360_x2.webp?w=1080&q=75, http://ap.rdcpix.com/06fd5bd685b8ae2c10568b4282e73740l-m1791154228od-w480_h360_x2.webp?w=1080&q=75, http://ap.rdcpix.com/06fd5bd685b8ae2c10568b4282e73740l-m3360306348od-w480_h360_x2.webp?w=1080&q=75, http://ap.rdcpix.com/06fd5bd685b8ae2c10568b4282e73740l-m268570507od-w480_h360_x2.webp?w=1080&q=75, http://ap.rdcpix.com/06fd5bd685b8ae2c10568b4282e73740l-m640529049od-w480_h360_x2.webp?w=1080&q=75, http://ap.rdcpix.com/06fd5bd685b8ae2c10568b4282e73740l-m2988630283od-w480_h360_x2.webp?w=1080&q=75, http://ap.rdcpix.com/06fd5bd685b8ae2c10568b4282e73740l-m2502330087od-w480_h360_x2.webp?w=1080&q=75, http://ap.rdcpix.com/06fd5bd685b8ae2c10568b4282e73740l-m3412831248od-w480_h360_x2.webp?w=1080&q=75, http://ap.rdcpix.com/06fd5bd685b8ae2c10568b4282e73740l-m2010093906od-w480_h360_x2.webp?w=1080&q=75, http://ap.rdcpix.com/06fd5bd685b8ae2c10568b4282e73740l-m3241335564od-w480_h360_x2.webp?w=1080&q=75, http://ap.rdcpix.com/06fd5bd685b8ae2c10568b4282e73740l-m2486376722od-w480_h360_x2.webp?w=1080&q=75, http://ap.rdcpix.com/06fd5bd685b8ae2c10568b4282e73740l-m4136160699od-w480_h360_x2.webp?w=1080&q=75, http://ap.rdcpix.com/06fd5bd685b8ae2c10568b4282e73740l-m3223486107od-w480_h360_x2.webp?w=1080&q=75, http://ap.rdcpix.com/06fd5bd685b8ae2c10568b4282e73740l-m1303581853od-w480_h360_x2.webp?w=1080&q=75, http://ap.rdcpix.com/06fd5bd685b8ae2c10568b4282e73740l-m3788628644od-w480_h360_x2.webp?w=1080&q=75, http://ap.rdcpix.com/06fd5bd685b8ae2c10568b4282e73740l-m4158844828od-w480_h360_x2.webp?w=1080&q=75, http://ap.rdcpix.com/06fd5bd685b8ae2c10568b4282e73740l-m2842801477od-w480_h360_x2.webp?w=1080&q=75, http://ap.rdcpix.com/06fd5bd685b8ae2c10568b4282e73740l-m999917056od-w480_h360_x2.webp?w=1080&q=75, http://ap.rdcpix.com/06fd5bd685b8ae2c10568b4282e73740l-m3364898950od-w480_h360_x2.webp?w=1080&q=75, http://ap.rdcpix.com/06fd5bd685b8ae2c10568b4282e73740l-m3288346795od-w480_h360_x2.webp?w=1080&q=75"
https://www.realtor.com/realestateandhomes-detail/4553437544,BSMA,73123674,SOLD,SINGLE_FAMILY,157  Spofford Rd,,Boxford,MA,01921,4,3,1,2962,1996,0,800000,2023-12-08,785000,2023-12-08,89734,265,42.710799,-71.030562,,0,2,http://ap.rdcpix.com/3769718138a4f9d14355eb2fee139bf1l-m558045298od-w480_h360_x2.webp?w=1080&q=75,"http://ap.rdcpix.com/3769718138a4f9d14355eb2fee139bf1l-m558045298od-w480_h360_x2.webp?w=1080&q=75, http://ap.rdcpix.com/3769718138a4f9d14355eb2fee139bf1l-m3833882476od-w480_h360_x2.webp?w=1080&q=75, http://ap.rdcpix.com/3769718138a4f9d14355eb2fee139bf1l-m1464483588od-w480_h360_x2.webp?w=1080&q=75, http://ap.rdcpix.com/3769718138a4f9d14355eb2fee139bf1l-m241765011od-w480_h360_x2.webp?w=1080&q=75, http://ap.rdcpix.com/3769718138a4f9d14355eb2fee139bf1l-m2557820146od-w480_h360_x2.webp?w=1080&q=75, http://ap.rdcpix.com/3769718138a4f9d14355eb2fee139bf1l-m62979207od-w480_h360_x2.webp?w=1080&q=75, http://ap.rdcpix.com/3769718138a4f9d14355eb2fee139bf1l-m3898198181od-w480_h360_x2.webp?w=1080&q=75, http://ap.rdcpix.com/3769718138a4f9d14355eb2fee139bf1l-m1451977374od-w480_h360_x2.webp?w=1080&q=75, http://ap.rdcpix.com/3769718138a4f9d14355eb2fee139bf1l-m783841125od-w480_h360_x2.webp?w=1080&q=75, http://ap.rdcpix.com/3769718138a4f9d14355eb2fee139bf1l-m1268961868od-w480_h360_x2.webp?w=1080&q=75, http://ap.rdcpix.com/3769718138a4f9d14355eb2fee139bf1l-m3260091203od-w480_h360_x2.webp?w=1080&q=75, http://ap.rdcpix.com/3769718138a4f9d14355eb2fee139bf1l-m1657568067od-w480_h360_x2.webp?w=1080&q=75, http://ap.rdcpix.com/3769718138a4f9d14355eb2fee139bf1l-m3390480990od-w480_h360_x2.webp?w=1080&q=75, http://ap.rdcpix.com/3769718138a4f9d14355eb2fee139bf1l-m2607120149od-w480_h360_x2.webp?w=1080&q=75, http://ap.rdcpix.com/3769718138a4f9d14355eb2fee139bf1l-m69196982od-w480_h360_x2.webp?w=1080&q=75, http://ap.rdcpix.com/3769718138a4f9d14355eb2fee139bf1l-m65047931od-w480_h360_x2.webp?w=1080&q=75, http://ap.rdcpix.com/3769718138a4f9d14355eb2fee139bf1l-m3571344945od-w480_h360_x2.webp?w=1080&q=75, http://ap.rdcpix.com/3769718138a4f9d14355eb2fee139bf1l-m4210611027od-w480_h360_x2.webp?w=1080&q=75, http://ap.rdcpix.com/3769718138a4f9d14355eb2fee139bf1l-m2940295660od-w480_h360_x2.webp?w=1080&q=75, http://ap.rdcpix.com/3769718138a4f9d14355eb2fee139bf1l-m4086565699od-w480_h360_x2.webp?w=1080&q=75, http://ap.rdcpix.com/3769718138a4f9d14355eb2fee139bf1l-m1608966772od-w480_h360_x2.webp?w=1080&q=75, http://ap.rdcpix.com/3769718138a4f9d14355eb2fee139bf1l-m2856855408od-w480_h360_x2.webp?w=1080&q=75, http://ap.rdcpix.com/3769718138a4f9d14355eb2fee139bf1l-m1084516518od-w480_h360_x2.webp?w=1080&q=75, http://ap.rdcpix.com/3769718138a4f9d14355eb2fee139bf1l-m2962756089od-w480_h360_x2.webp?w=1080&q=75, http://ap.rdcpix.com/3769718138a4f9d14355eb2fee139bf1l-m3370820042od-w480_h360_x2.webp?w=1080&q=75, http://ap.rdcpix.com/3769718138a4f9d14355eb2fee139bf1l-m3937361795od-w480_h360_x2.webp?w=1080&q=75, http://ap.rdcpix.com/3769718138a4f9d14355eb2fee139bf1l-m489663110od-w480_h360_x2.webp?w=1080&q=75, http://ap.rdcpix.com/3769718138a4f9d14355eb2fee139bf1l-m3232478292od-w480_h360_x2.webp?w=1080&q=75, http://ap.rdcpix.com/3769718138a4f9d14355eb2fee139bf1l-m1049794546od-w480_h360_x2.webp?w=1080&q=75, http://ap.rdcpix.com/3769718138a4f9d14355eb2fee139bf1l-m1732045129od-w480_h360_x2.webp?w=1080&q=75, http://ap.rdcpix.com/3769718138a4f9d14355eb2fee139bf1l-m3783778248od-w480_h360_x2.webp?w=1080&q=75, http://ap.rdcpix.com/3769718138a4f9d14355eb2fee139bf1l-m117238606od-w480_h360_x2.webp?w=1080&q=75, http://ap.rdcpix.com/3769718138a4f9d14355eb2fee139bf1l-m4222507137od-w480_h360_x2.webp?w=1080&q=75, http://ap.rdcpix.com/3769718138a4f9d14355eb2fee139bf1l-m3047570147od-w480_h360_x2.webp?w=1080&q=75, http://ap.rdcpix.com/3769718138a4f9d14355eb2fee139bf1l-m303768985od-w480_h360_x2.webp?w=1080&q=75, http://ap.rdcpix.com/3769718138a4f9d14355eb2fee139bf1l-m3890187414od-w480_h360_x2.webp?w=1080&q=75, http://ap.rdcpix.com/3769718138a4f9d14355eb2fee139bf1l-m1649815169od-w480_h360_x2.webp?w=1080&q=75, http://ap.rdcpix.com/3769718138a4f9d14355eb2fee139bf1l-m3345656647od-w480_h360_x2.webp?w=1080&q=75, http://ap.rdcpix.com/3769718138a4f9d14355eb2fee139bf1l-m2611101638od-w480_h360_x2.webp?w=1080&q=75, http://ap.rdcpix.com/3769718138a4f9d14355eb2fee139bf1l-m539842469od-w480_h360_x2.webp?w=1080&q=75, http://ap.rdcpix.com/3769718138a4f9d14355eb2fee139bf1l-m3418878503od-w480_h360_x2.webp?w=1080&q=75, http://ap.rdcpix.com/3769718138a4f9d14355eb2fee139bf1l-m561024813od-w480_h360_x2.webp?w=1080&q=75"
https://www.realtor.com/realestateandhomes-detail/3574457383,BSMA,73178566,SOLD,SINGLE_FAMILY,12  Brook Rd,,Boxford,MA,01921,3,2,,1858,1860,29,735000,2023-11-08,750000,2023-12-07,148104,404,42.704703,-71.064785,,0,4,http://ap.rdcpix.com/6d10edbe1b9fd7eb57b9e419195e4961l-m1607867136od-w480_h360_x2.webp?w=1080&q=75,"http://ap.rdcpix.com/6d10edbe1b9fd7eb57b9e419195e4961l-m1607867136od-w480_h360_x2.webp?w=1080&q=75, http://ap.rdcpix.com/6d10edbe1b9fd7eb57b9e419195e4961l-m3028872059od-w480_h360_x2.webp?w=1080&q=75, http://ap.rdcpix.com/6d10edbe1b9fd7eb57b9e419195e4961l-m1695420463od-w480_h360_x2.webp?w=1080&q=75, http://ap.rdcpix.com/6d10edbe1b9fd7eb57b9e419195e4961l-m3919739260od-w480_h360_x2.webp?w=1080&q=75, http://ap.rdcpix.com/6d10edbe1b9fd7eb57b9e419195e4961l-m501803274od-w480_h360_x2.webp?w=1080&q=75, http://ap.rdcpix.com/6d10edbe1b9fd7eb57b9e419195e4961l-m518246324od-w480_h360_x2.webp?w=1080&q=75, http://ap.rdcpix.com/6d10edbe1b9fd7eb57b9e419195e4961l-m2305066031od-w480_h360_x2.webp?w=1080&q=75, http://ap.rdcpix.com/6d10edbe1b9fd7eb57b9e419195e4961l-m411876856od-w480_h360_x2.webp?w=1080&q=75, http://ap.rdcpix.com/6d10edbe1b9fd7eb57b9e419195e4961l-m3538577179od-w480_h360_x2.webp?w=1080&q=75, http://ap.rdcpix.com/6d10edbe1b9fd7eb57b9e419195e4961l-m1423436150od-w480_h360_x2.webp?w=1080&q=75, http://ap.rdcpix.com/6d10edbe1b9fd7eb57b9e419195e4961l-m3428757557od-w480_h360_x2.webp?w=1080&q=75, http://ap.rdcpix.com/6d10edbe1b9fd7eb57b9e419195e4961l-m498548988od-w480_h360_x2.webp?w=1080&q=75, http://ap.rdcpix.com/6d10edbe1b9fd7eb57b9e419195e4961l-m1618720785od-w480_h360_x2.webp?w=1080&q=75, http://ap.rdcpix.com/6d10edbe1b9fd7eb57b9e419195e4961l-m637512893od-w480_h360_x2.webp?w=1080&q=75, http://ap.rdcpix.com/6d10edbe1b9fd7eb57b9e419195e4961l-m2844203214od-w480_h360_x2.webp?w=1080&q=75, http://ap.rdcpix.com/6d10edbe1b9fd7eb57b9e419195e4961l-m2404158523od-w480_h360_x2.webp?w=1080&q=75, http://ap.rdcpix.com/6d10edbe1b9fd7eb57b9e419195e4961l-m614280938od-w480_h360_x2.webp?w=1080&q=75, http://ap.rdcpix.com/6d10edbe1b9fd7eb57b9e419195e4961l-m3171766377od-w480_h360_x2.webp?w=1080&q=75, http://ap.rdcpix.com/6d10edbe1b9fd7eb57b9e419195e4961l-m2698775744od-w480_h360_x2.webp?w=1080&q=75, http://ap.rdcpix.com/6d10edbe1b9fd7eb57b9e419195e4961l-m1476373145od-w480_h360_x2.webp?w=1080&q=75, http://ap.rdcpix.com/6d10edbe1b9fd7eb57b9e419195e4961l-m2891467112od-w480_h360_x2.webp?w=1080&q=75, http://ap.rdcpix.com/6d10edbe1b9fd7eb57b9e419195e4961l-m3854846686od-w480_h360_x2.webp?w=1080&q=75, http://ap.rdcpix.com/6d10edbe1b9fd7eb57b9e419195e4961l-m1503688277od-w480_h360_x2.webp?w=1080&q=75, http://ap.rdcpix.com/6d10edbe1b9fd7eb57b9e419195e4961l-m300749701od-w480_h360_x2.webp?w=1080&q=75, http://ap.rdcpix.com/6d10edbe1b9fd7eb57b9e419195e4961l-m4115767661od-w480_h360_x2.webp?w=1080&q=75, http://ap.rdcpix.com/6d10edbe1b9fd7eb57b9e419195e4961l-m1958099882od-w480_h360_x2.webp?w=1080&q=75, http://ap.rdcpix.com/6d10edbe1b9fd7eb57b9e419195e4961l-m254538411od-w480_h360_x2.webp?w=1080&q=75, http://ap.rdcpix.com/6d10edbe1b9fd7eb57b9e419195e4961l-m2638535395od-w480_h360_x2.webp?w=1080&q=75, http://ap.rdcpix.com/6d10edbe1b9fd7eb57b9e419195e4961l-m568714325od-w480_h360_x2.webp?w=1080&q=75, http://ap.rdcpix.com/6d10edbe1b9fd7eb57b9e419195e4961l-m1157749958od-w480_h360_x2.webp?w=1080&q=75, http://ap.rdcpix.com/6d10edbe1b9fd7eb57b9e419195e4961l-m2799485811od-w480_h360_x2.webp?w=1080&q=75, http://ap.rdcpix.com/6d10edbe1b9fd7eb57b9e419195e4961l-m1937955207od-w480_h360_x2.webp?w=1080&q=75, http://ap.rdcpix.com/6d10edbe1b9fd7eb57b9e419195e4961l-m2762979562od-w480_h360_x2.webp?w=1080&q=75, http://ap.rdcpix.com/6d10edbe1b9fd7eb57b9e419195e4961l-m433214839od-w480_h360_x2.webp?w=1080&q=75, http://ap.rdcpix.com/6d10edbe1b9fd7eb57b9e419195e4961l-m3347584649od-w480_h360_x2.webp?w=1080&q=75, http://ap.rdcpix.com/6d10edbe1b9fd7eb57b9e419195e4961l-m3378912651od-w480_h360_x2.webp?w=1080&q=75"
https://www.realtor.com/realestateandhomes-detail/9712060765,BSMA,73057968,SOLD,CONDOS,14  Ingalls Village Way,Unit 3,Boxford,MA,01921,2,2,1,2367,2023,,999995,2023-12-01,1042597,2023-11-30,,440,,,2,615,2,http://ap.rdcpix.com/ee0a319f50d52f8263e0b8d36e6d69b7l-m2306796753od-w480_h360_x2.webp?w=1080&q=75,"http://ap.rdcpix.com/ee0a319f50d52f8263e0b8d36e6d69b7l-m2306796753od-w480_h360_x2.webp?w=1080&q=75, http://ap.rdcpix.com/ee0a319f50d52f8263e0b8d36e6d69b7l-m3325629182od-w480_h360_x2.webp?w=1080&q=75, http://ap.rdcpix.com/ee0a319f50d52f8263e0b8d36e6d69b7l-m3333666275od-w480_h360_x2.webp?w=1080&q=75, http://ap.rdcpix.com/ee0a319f50d52f8263e0b8d36e6d69b7l-m210408937od-w480_h360_x2.webp?w=1080&q=75, http://ap.rdcpix.com/ee0a319f50d52f8263e0b8d36e6d69b7l-m3141777912od-w480_h360_x2.webp?w=1080&q=75, http://ap.rdcpix.com/ee0a319f50d52f8263e0b8d36e6d69b7l-m543447800od-w480_h360_x2.webp?w=1080&q=75, http://ap.rdcpix.com/ee0a319f50d52f8263e0b8d36e6d69b7l-m1265427030od-w480_h360_x2.webp?w=1080&q=75"
https://www.realtor.com/realestateandhomes-detail/9553190332,BSMA,73068966,SOLD,CONDOS,10  Ingalls Village Way,Unit 2,Boxford,MA,01921,2,2,1,2367,2023,,918995,2023-12-01,942225,2023-11-30,,398,,,2,615,2,http://ap.rdcpix.com/de16e184a63df22c329cd76a976c8817l-m817845371od-w480_h360_x2.webp?w=1080&q=75,"http://ap.rdcpix.com/de16e184a63df22c329cd76a976c8817l-m817845371od-w480_h360_x2.webp?w=1080&q=75, http://ap.rdcpix.com/de16e184a63df22c329cd76a976c8817l-m1849364758od-w480_h360_x2.webp?w=1080&q=75"
https://www.realtor.com/realestateandhomes-detail/9977298067,BSMA,73091290,SOLD,CONDOS,7  Ingalls Village Way,Unit 5,Boxford,MA,01921,2,2,1,2347,2023,,1097905,2023-12-01,1139118,2023-11-30,,485,,,2,615,2,http://ap.rdcpix.com/3666a86bf752c019b88438f0349d07bel-m3992215967od-w480_h360_x2.webp?w=1080&q=75,"http://ap.rdcpix.com/3666a86bf752c019b88438f0349d07bel-m3992215967od-w480_h360_x2.webp?w=1080&q=75, http://ap.rdcpix.com/3666a86bf752c019b88438f0349d07bel-m1915677625od-w480_h360_x2.webp?w=1080&q=75, http://ap.rdcpix.com/3666a86bf752c019b88438f0349d07bel-m819946929od-w480_h360_x2.webp?w=1080&q=75, http://ap.rdcpix.com/3666a86bf752c019b88438f0349d07bel-m560126425od-w480_h360_x2.webp?w=1080&q=75, http://ap.rdcpix.com/3666a86bf752c019b88438f0349d07bel-m2703541654od-w480_h360_x2.webp?w=1080&q=75"
https://www.realtor.com/realestateandhomes-detail/4083286562,BSMA,73170216,SOLD,SINGLE_FAMILY,94  Topsfield Rd,,Boxford,MA,01921,5,4,1,7444,1998,48,1400000,2023-10-13,1300000,2023-11-30,100624,175,42.654478,-70.980261,,0,3,,
https://www.realtor.com/realestateandhomes-detail/9159204207,BSMA,73064812,SOLD,CONDOS,8  Ingalls Village Way,Unit 1,Boxford,MA,01921,2,2,1,2347,2023,,1049995,2023-12-01,996000,2023-11-30,,424,,,2,615,2,http://ap.rdcpix.com/cffde519d8b0f16e8a386fbb2a2dc4b3l-m2997281358od-w480_h360_x2.webp?w=1080&q=75,"http://ap.rdcpix.com/cffde519d8b0f16e8a386fbb2a2dc4b3l-m2997281358od-w480_h360_x2.webp?w=1080&q=75, http://ap.rdcpix.com/cffde519d8b0f16e8a386fbb2a2dc4b3l-m1347287968od-w480_h360_x2.webp?w=1080&q=75, http://ap.rdcpix.com/cffde519d8b0f16e8a386fbb2a2dc4b3l-m1293903033od-w480_h360_x2.webp?w=1080&q=75, http://ap.rdcpix.com/cffde519d8b0f16e8a386fbb2a2dc4b3l-m321357405od-w480_h360_x2.webp?w=1080&q=75, http://ap.rdcpix.com/cffde519d8b0f16e8a386fbb2a2dc4b3l-m2339280726od-w480_h360_x2.webp?w=1080&q=75, http://ap.rdcpix.com/cffde519d8b0f16e8a386fbb2a2dc4b3l-m1140810788od-w480_h360_x2.webp?w=1080&q=75, http://ap.rdcpix.com/cffde519d8b0f16e8a386fbb2a2dc4b3l-m2184209298od-w480_h360_x2.webp?w=1080&q=75, http://ap.rdcpix.com/cffde519d8b0f16e8a386fbb2a2dc4b3l-m2703541654od-w480_h360_x2.webp?w=1080&q=75"
https://www.realtor.com/realestateandhomes-detail/3341068305,BSMA,73160986,SOLD,SINGLE_FAMILY,248  Main St,,Boxford,MA,01921,3,2,,1758,1983,72,700000,2023-09-19,700000,2023-11-30,133294,398,42.674287,-71.0353,,0,,http://ap.rdcpix.com/b8720e17fb74dc437496517319bd4c5el-m3027351104od-w480_h360_x2.webp?w=1080&q=75,"http://ap.rdcpix.com/b8720e17fb74dc437496517319bd4c5el-m3027351104od-w480_h360_x2.webp?w=1080&q=75, http://ap.rdcpix.com/b8720e17fb74dc437496517319bd4c5el-m1830788978od-w480_h360_x2.webp?w=1080&q=75, http://ap.rdcpix.com/b8720e17fb74dc437496517319bd4c5el-m24899207od-w480_h360_x2.webp?w=1080&q=75, http://ap.rdcpix.com/b8720e17fb74dc437496517319bd4c5el-m918886721od-w480_h360_x2.webp?w=1080&q=75, http://ap.rdcpix.com/b8720e17fb74dc437496517319bd4c5el-m3667215874od-w480_h360_x2.webp?w=1080&q=75, http://ap.rdcpix.com/b8720e17fb74dc437496517319bd4c5el-m32413078od-w480_h360_x2.webp?w=1080&q=75, http://ap.rdcpix.com/b8720e17fb74dc437496517319bd4c5el-m4006113272od-w480_h360_x2.webp?w=1080&q=75, http://ap.rdcpix.com/b8720e17fb74dc437496517319bd4c5el-m36996580od-w480_h360_x2.webp?w=1080&q=75, http://ap.rdcpix.com/b8720e17fb74dc437496517319bd4c5el-m1289068773od-w480_h360_x2.webp?w=1080&q=75, http://ap.rdcpix.com/b8720e17fb74dc437496517319bd4c5el-m2837645820od-w480_h360_x2.webp?w=1080&q=75, http://ap.rdcpix.com/b8720e17fb74dc437496517319bd4c5el-m3136166001od-w480_h360_x2.webp?w=1080&q=75, http://ap.rdcpix.com/b8720e17fb74dc437496517319bd4c5el-m883745149od-w480_h360_x2.webp?w=1080&q=75, http://ap.rdcpix.com/b8720e17fb74dc437496517319bd4c5el-m1712780545od-w480_h360_x2.webp?w=1080&q=75, http://ap.rdcpix.com/b8720e17fb74dc437496517319bd4c5el-m2997799797od-w480_h360_x2.webp?w=1080&q=75, http://ap.rdcpix.com/b8720e17fb74dc437496517319bd4c5el-m1665933038od-w480_h360_x2.webp?w=1080&q=75, http://ap.rdcpix.com/b8720e17fb74dc437496517319bd4c5el-m2568185768od-w480_h360_x2.webp?w=1080&q=75, http://ap.rdcpix.com/b8720e17fb74dc437496517319bd4c5el-m673086739od-w480_h360_x2.webp?w=1080&q=75, http://ap.rdcpix.com/b8720e17fb74dc437496517319bd4c5el-m94052119od-w480_h360_x2.webp?w=1080&q=75, http://ap.rdcpix.com/b8720e17fb74dc437496517319bd4c5el-m417050051od-w480_h360_x2.webp?w=1080&q=75, http://ap.rdcpix.com/b8720e17fb74dc437496517319bd4c5el-m3002378133od-w480_h360_x2.webp?w=1080&q=75, http://ap.rdcpix.com/b8720e17fb74dc437496517319bd4c5el-m1151985679od-w480_h360_x2.webp?w=1080&q=75, http://ap.rdcpix.com/b8720e17fb74dc437496517319bd4c5el-m3275560886od-w480_h360_x2.webp?w=1080&q=75, http://ap.rdcpix.com/b8720e17fb74dc437496517319bd4c5el-m1542270546od-w480_h360_x2.webp?w=1080&q=75, http://ap.rdcpix.com/b8720e17fb74dc437496517319bd4c5el-m1284863885od-w480_h360_x2.webp?w=1080&q=75, http://ap.rdcpix.com/b8720e17fb74dc437496517319bd4c5el-m2137260319od-w480_h360_x2.webp?w=1080&q=75, http://ap.rdcpix.com/b8720e17fb74dc437496517319bd4c5el-m3159129692od-w480_h360_x2.webp?w=1080&q=75, http://ap.rdcpix.com/b8720e17fb74dc437496517319bd4c5el-m3157361492od-w480_h360_x2.webp?w=1080&q=75, http://ap.rdcpix.com/b8720e17fb74dc437496517319bd4c5el-m1196425203od-w480_h360_x2.webp?w=1080&q=75, http://ap.rdcpix.com/b8720e17fb74dc437496517319bd4c5el-m1864612359od-w480_h360_x2.webp?w=1080&q=75, http://ap.rdcpix.com/b8720e17fb74dc437496517319bd4c5el-m1259166595od-w480_h360_x2.webp?w=1080&q=75, http://ap.rdcpix.com/b8720e17fb74dc437496517319bd4c5el-m3183293234od-w480_h360_x2.webp?w=1080&q=75, http://ap.rdcpix.com/b8720e17fb74dc437496517319bd4c5el-m2484616778od-w480_h360_x2.webp?w=1080&q=75, http://ap.rdcpix.com/b8720e17fb74dc437496517319bd4c5el-m595960250od-w480_h360_x2.webp?w=1080&q=75, http://ap.rdcpix.com/b8720e17fb74dc437496517319bd4c5el-m3447361837od-w480_h360_x2.webp?w=1080&q=75, http://ap.rdcpix.com/b8720e17fb74dc437496517319bd4c5el-m2524247455od-w480_h360_x2.webp?w=1080&q=75"
https://www.realtor.com/realestateandhomes-detail/3018002329,BSMA,73156292,SOLD,SINGLE_FAMILY,105  Georgetown Rd,,Boxford,MA,01921,4,2,1,3022,1968,75,1399000,2023-09-06,1389500,2023-11-20,170320,460,42.67792,-70.997875,,0,3,http://ap.rdcpix.com/a3dacfd527fa16053b44d50214259d45l-m2667019221od-w480_h360_x2.webp?w=1080&q=75,"http://ap.rdcpix.com/a3dacfd527fa16053b44d50214259d45l-m2667019221od-w480_h360_x2.webp?w=1080&q=75, http://ap.rdcpix.com/a3dacfd527fa16053b44d50214259d45l-m2550347262od-w480_h360_x2.webp?w=1080&q=75, http://ap.rdcpix.com/a3dacfd527fa16053b44d50214259d45l-m110735857od-w480_h360_x2.webp?w=1080&q=75, http://ap.rdcpix.com/a3dacfd527fa16053b44d50214259d45l-m3536750553od-w480_h360_x2.webp?w=1080&q=75, http://ap.rdcpix.com/a3dacfd527fa16053b44d50214259d45l-m3481738923od-w480_h360_x2.webp?w=1080&q=75, http://ap.rdcpix.com/a3dacfd527fa16053b44d50214259d45l-m167799082od-w480_h360_x2.webp?w=1080&q=75, http://ap.rdcpix.com/a3dacfd527fa16053b44d50214259d45l-m1900511494od-w480_h360_x2.webp?w=1080&q=75, http://ap.rdcpix.com/a3dacfd527fa16053b44d50214259d45l-m3386379564od-w480_h360_x2.webp?w=1080&q=75, http://ap.rdcpix.com/a3dacfd527fa16053b44d50214259d45l-m3879183726od-w480_h360_x2.webp?w=1080&q=75, http://ap.rdcpix.com/a3dacfd527fa16053b44d50214259d45l-m1462572778od-w480_h360_x2.webp?w=1080&q=75, http://ap.rdcpix.com/a3dacfd527fa16053b44d50214259d45l-m4111748750od-w480_h360_x2.webp?w=1080&q=75, http://ap.rdcpix.com/a3dacfd527fa16053b44d50214259d45l-m3102483015od-w480_h360_x2.webp?w=1080&q=75, http://ap.rdcpix.com/a3dacfd527fa16053b44d50214259d45l-m300179544od-w480_h360_x2.webp?w=1080&q=75, http://ap.rdcpix.com/a3dacfd527fa16053b44d50214259d45l-m4283083677od-w480_h360_x2.webp?w=1080&q=75, http://ap.rdcpix.com/a3dacfd527fa16053b44d50214259d45l-m2819064782od-w480_h360_x2.webp?w=1080&q=75, http://ap.rdcpix.com/a3dacfd527fa16053b44d50214259d45l-m1525142659od-w480_h360_x2.webp?w=1080&q=75, http://ap.rdcpix.com/a3dacfd527fa16053b44d50214259d45l-m2341982315od-w480_h360_x2.webp?w=1080&q=75, http://ap.rdcpix.com/a3dacfd527fa16053b44d50214259d45l-m1391826858od-w480_h360_x2.webp?w=1080&q=75, http://ap.rdcpix.com/a3dacfd527fa16053b44d50214259d45l-m740653311od-w480_h360_x2.webp?w=1080&q=75, http://ap.rdcpix.com/a3dacfd527fa16053b44d50214259d45l-m3223463095od-w480_h360_x2.webp?w=1080&q=75, http://ap.rdcpix.com/a3dacfd527fa16053b44d50214259d45l-m2565321131od-w480_h360_x2.webp?w=1080&q=75, http://ap.rdcpix.com/a3dacfd527fa16053b44d50214259d45l-m3328610560od-w480_h360_x2.webp?w=1080&q=75, http://ap.rdcpix.com/a3dacfd527fa16053b44d50214259d45l-m74686514od-w480_h360_x2.webp?w=1080&q=75, http://ap.rdcpix.com/a3dacfd527fa16053b44d50214259d45l-m2382916937od-w480_h360_x2.webp?w=1080&q=75, http://ap.rdcpix.com/a3dacfd527fa16053b44d50214259d45l-m2312554285od-w480_h360_x2.webp?w=1080&q=75, http://ap.rdcpix.com/a3dacfd527fa16053b44d50214259d45l-m3783972140od-w480_h360_x2.webp?w=1080&q=75, http://ap.rdcpix.com/a3dacfd527fa16053b44d50214259d45l-m3918202188od-w480_h360_x2.webp?w=1080&q=75, http://ap.rdcpix.com/a3dacfd527fa16053b44d50214259d45l-m2189811413od-w480_h360_x2.webp?w=1080&q=75, http://ap.rdcpix.com/a3dacfd527fa16053b44d50214259d45l-m2807199530od-w480_h360_x2.webp?w=1080&q=75, http://ap.rdcpix.com/a3dacfd527fa16053b44d50214259d45l-m1440262528od-w480_h360_x2.webp?w=1080&q=75, http://ap.rdcpix.com/a3dacfd527fa16053b44d50214259d45l-m263764856od-w480_h360_x2.webp?w=1080&q=75, http://ap.rdcpix.com/a3dacfd527fa16053b44d50214259d45l-m4068610149od-w480_h360_x2.webp?w=1080&q=75, http://ap.rdcpix.com/a3dacfd527fa16053b44d50214259d45l-m157439165od-w480_h360_x2.webp?w=1080&q=75, http://ap.rdcpix.com/a3dacfd527fa16053b44d50214259d45l-m2941967497od-w480_h360_x2.webp?w=1080&q=75, http://ap.rdcpix.com/a3dacfd527fa16053b44d50214259d45l-m1087944757od-w480_h360_x2.webp?w=1080&q=75, http://ap.rdcpix.com/a3dacfd527fa16053b44d50214259d45l-m189110006od-w480_h360_x2.webp?w=1080&q=75, http://ap.rdcpix.com/a3dacfd527fa16053b44d50214259d45l-m799640190od-w480_h360_x2.webp?w=1080&q=75, http://ap.rdcpix.com/a3dacfd527fa16053b44d50214259d45l-m728531403od-w480_h360_x2.webp?w=1080&q=75, http://ap.rdcpix.com/a3dacfd527fa16053b44d50214259d45l-m2427946772od-w480_h360_x2.webp?w=1080&q=75, http://ap.rdcpix.com/a3dacfd527fa16053b44d50214259d45l-m3890821627od-w480_h360_x2.webp?w=1080&q=75, http://ap.rdcpix.com/a3dacfd527fa16053b44d50214259d45l-m1130514769od-w480_h360_x2.webp?w=1080&q=75, http://ap.rdcpix.com/a3dacfd527fa16053b44d50214259d45l-m2070836196od-w480_h360_x2.webp?w=1080&q=75"
https://www.realtor.com/realestateandhomes-detail/3423612368,BSMA,73163368,SOLD,SINGLE_FAMILY,6  Lawrence Rd,,Boxford,MA,01921,4,4,1,4030,1790,52,1599000,2023-09-26,1569000,2023-11-17,348480,389,42.664331,-71.02207,,0,2,http://ap.rdcpix.com/886d1f4caac2966034ace8874a455090l-w3456439586od-w480_h360_x2.webp?w=1080&q=75,"http://ap.rdcpix.com/886d1f4caac2966034ace8874a455090l-w3456439586od-w480_h360_x2.webp?w=1080&q=75, http://ap.rdcpix.com/886d1f4caac2966034ace8874a455090l-w4266166056od-w480_h360_x2.webp?w=1080&q=75, http://ap.rdcpix.com/886d1f4caac2966034ace8874a455090l-w2188876722od-w480_h360_x2.webp?w=1080&q=75, http://ap.rdcpix.com/886d1f4caac2966034ace8874a455090l-w279334548od-w480_h360_x2.webp?w=1080&q=75, http://ap.rdcpix.com/886d1f4caac2966034ace8874a455090l-w1615549064od-w480_h360_x2.webp?w=1080&q=75, http://ap.rdcpix.com/886d1f4caac2966034ace8874a455090l-w65921848od-w480_h360_x2.webp?w=1080&q=75, http://ap.rdcpix.com/886d1f4caac2966034ace8874a455090l-w936584920od-w480_h360_x2.webp?w=1080&q=75, http://ap.rdcpix.com/886d1f4caac2966034ace8874a455090l-w1426004641od-w480_h360_x2.webp?w=1080&q=75, http://ap.rdcpix.com/886d1f4caac2966034ace8874a455090l-w4235401691od-w480_h360_x2.webp?w=1080&q=75, http://ap.rdcpix.com/886d1f4caac2966034ace8874a455090l-w1816684816od-w480_h360_x2.webp?w=1080&q=75, http://ap.rdcpix.com/886d1f4caac2966034ace8874a455090l-w2852221989od-w480_h360_x2.webp?w=1080&q=75, http://ap.rdcpix.com/886d1f4caac2966034ace8874a455090l-w636488261od-w480_h360_x2.webp?w=1080&q=75, http://ap.rdcpix.com/886d1f4caac2966034ace8874a455090l-w511351179od-w480_h360_x2.webp?w=1080&q=75, http://ap.rdcpix.com/886d1f4caac2966034ace8874a455090l-w3900451105od-w480_h360_x2.webp?w=1080&q=75, http://ap.rdcpix.com/886d1f4caac2966034ace8874a455090l-w3264875764od-w480_h360_x2.webp?w=1080&q=75, http://ap.rdcpix.com/886d1f4caac2966034ace8874a455090l-w3404668806od-w480_h360_x2.webp?w=1080&q=75, http://ap.rdcpix.com/886d1f4caac2966034ace8874a455090l-w3092723961od-w480_h360_x2.webp?w=1080&q=75, http://ap.rdcpix.com/886d1f4caac2966034ace8874a455090l-w417173386od-w480_h360_x2.webp?w=1080&q=75, http://ap.rdcpix.com/886d1f4caac2966034ace8874a455090l-w3813312194od-w480_h360_x2.webp?w=1080&q=75, http://ap.rdcpix.com/886d1f4caac2966034ace8874a455090l-w1902646363od-w480_h360_x2.webp?w=1080&q=75, http://ap.rdcpix.com/886d1f4caac2966034ace8874a455090l-w2861714192od-w480_h360_x2.webp?w=1080&q=75, http://ap.rdcpix.com/886d1f4caac2966034ace8874a455090l-w2402861612od-w480_h360_x2.webp?w=1080&q=75, http://ap.rdcpix.com/886d1f4caac2966034ace8874a455090l-w3139397582od-w480_h360_x2.webp?w=1080&q=75, http://ap.rdcpix.com/886d1f4caac2966034ace8874a455090l-w1261740769od-w480_h360_x2.webp?w=1080&q=75, http://ap.rdcpix.com/886d1f4caac2966034ace8874a455090l-w3984612749od-w480_h360_x2.webp?w=1080&q=75, http://ap.rdcpix.com/886d1f4caac2966034ace8874a455090l-w834096387od-w480_h360_x2.webp?w=1080&q=75, http://ap.rdcpix.com/886d1f4caac2966034ace8874a455090l-w882497901od-w480_h360_x2.webp?w=1080&q=75, http://ap.rdcpix.com/886d1f4caac2966034ace8874a455090l-w3111366252od-w480_h360_x2.webp?w=1080&q=75, http://ap.rdcpix.com/886d1f4caac2966034ace8874a455090l-w84044683od-w480_h360_x2.webp?w=1080&q=75, http://ap.rdcpix.com/886d1f4caac2966034ace8874a455090l-w25588508od-w480_h360_x2.webp?w=1080&q=75, http://ap.rdcpix.com/886d1f4caac2966034ace8874a455090l-w91958433od-w480_h360_x2.webp?w=1080&q=75, http://ap.rdcpix.com/886d1f4caac2966034ace8874a455090l-w204984777od-w480_h360_x2.webp?w=1080&q=75, http://ap.rdcpix.com/886d1f4caac2966034ace8874a455090l-w1315479608od-w480_h360_x2.webp?w=1080&q=75, http://ap.rdcpix.com/886d1f4caac2966034ace8874a455090l-w3738094070od-w480_h360_x2.webp?w=1080&q=75, http://ap.rdcpix.com/886d1f4caac2966034ace8874a455090l-w947198377od-w480_h360_x2.webp?w=1080&q=75, http://ap.rdcpix.com/886d1f4caac2966034ace8874a455090l-w3029511108od-w480_h360_x2.webp?w=1080&q=75, http://ap.rdcpix.com/886d1f4caac2966034ace8874a455090l-w1090609167od-w480_h360_x2.webp?w=1080&q=75, http://ap.rdcpix.com/886d1f4caac2966034ace8874a455090l-w944370574od-w480_h360_x2.webp?w=1080&q=75, http://ap.rdcpix.com/886d1f4caac2966034ace8874a455090l-w1760249710od-w480_h360_x2.webp?w=1080&q=75, http://ap.rdcpix.com/886d1f4caac2966034ace8874a455090l-w939202659od-w480_h360_x2.webp?w=1080&q=75, http://ap.rdcpix.com/886d1f4caac2966034ace8874a455090l-w3373284635od-w480_h360_x2.webp?w=1080&q=75, http://ap.rdcpix.com/886d1f4caac2966034ace8874a455090l-w1172935649od-w480_h360_x2.webp?w=1080&q=75"
https://www.realtor.com/realestateandhomes-detail/4180781269,BSMA,73168297,SOLD,SINGLE_FAMILY,21  Porter Rd,,Boxford,MA,01921,4,3,,3612,1985,38,959000,2023-10-10,970000,2023-11-17,93654,269,42.703397,-71.053283,,0,2,http://ap.rdcpix.com/f535e5a122f45c26e2d654dcfd1f39fal-b526964636od-w480_h360_x2.webp?w=1080&q=75,"http://ap.rdcpix.com/f535e5a122f45c26e2d654dcfd1f39fal-b526964636od-w480_h360_x2.webp?w=1080&q=75, http://ap.rdcpix.com/f535e5a122f45c26e2d654dcfd1f39fal-b1355422355od-w480_h360_x2.webp?w=1080&q=75, http://ap.rdcpix.com/f535e5a122f45c26e2d654dcfd1f39fal-b4167946269od-w480_h360_x2.webp?w=1080&q=75, http://ap.rdcpix.com/f535e5a122f45c26e2d654dcfd1f39fal-b2172023100od-w480_h360_x2.webp?w=1080&q=75, http://ap.rdcpix.com/f535e5a122f45c26e2d654dcfd1f39fal-b1289881621od-w480_h360_x2.webp?w=1080&q=75, http://ap.rdcpix.com/f535e5a122f45c26e2d654dcfd1f39fal-b3848371036od-w480_h360_x2.webp?w=1080&q=75, http://ap.rdcpix.com/f535e5a122f45c26e2d654dcfd1f39fal-b544656638od-w480_h360_x2.webp?w=1080&q=75, http://ap.rdcpix.com/f535e5a122f45c26e2d654dcfd1f39fal-b426547639od-w480_h360_x2.webp?w=1080&q=75, http://ap.rdcpix.com/f535e5a122f45c26e2d654dcfd1f39fal-b1790753738od-w480_h360_x2.webp?w=1080&q=75, http://ap.rdcpix.com/f535e5a122f45c26e2d654dcfd1f39fal-b768215554od-w480_h360_x2.webp?w=1080&q=75, http://ap.rdcpix.com/f535e5a122f45c26e2d654dcfd1f39fal-b4228886295od-w480_h360_x2.webp?w=1080&q=75, http://ap.rdcpix.com/f535e5a122f45c26e2d654dcfd1f39fal-b3973184231od-w480_h360_x2.webp?w=1080&q=75, http://ap.rdcpix.com/f535e5a122f45c26e2d654dcfd1f39fal-b1028665772od-w480_h360_x2.webp?w=1080&q=75, http://ap.rdcpix.com/f535e5a122f45c26e2d654dcfd1f39fal-b652612873od-w480_h360_x2.webp?w=1080&q=75, http://ap.rdcpix.com/f535e5a122f45c26e2d654dcfd1f39fal-b242196040od-w480_h360_x2.webp?w=1080&q=75, http://ap.rdcpix.com/f535e5a122f45c26e2d654dcfd1f39fal-b825400274od-w480_h360_x2.webp?w=1080&q=75, http://ap.rdcpix.com/f535e5a122f45c26e2d654dcfd1f39fal-b3995873498od-w480_h360_x2.webp?w=1080&q=75, http://ap.rdcpix.com/f535e5a122f45c26e2d654dcfd1f39fal-b389601235od-w480_h360_x2.webp?w=1080&q=75, http://ap.rdcpix.com/f535e5a122f45c26e2d654dcfd1f39fal-b3285184088od-w480_h360_x2.webp?w=1080&q=75, http://ap.rdcpix.com/f535e5a122f45c26e2d654dcfd1f39fal-b183531476od-w480_h360_x2.webp?w=1080&q=75, http://ap.rdcpix.com/f535e5a122f45c26e2d654dcfd1f39fal-b1175739439od-w480_h360_x2.webp?w=1080&q=75, http://ap.rdcpix.com/f535e5a122f45c26e2d654dcfd1f39fal-b57890968od-w480_h360_x2.webp?w=1080&q=75, http://ap.rdcpix.com/f535e5a122f45c26e2d654dcfd1f39fal-b1433127241od-w480_h360_x2.webp?w=1080&q=75, http://ap.rdcpix.com/f535e5a122f45c26e2d654dcfd1f39fal-b3669153410od-w480_h360_x2.webp?w=1080&q=75, http://ap.rdcpix.com/f535e5a122f45c26e2d654dcfd1f39fal-b495197594od-w480_h360_x2.webp?w=1080&q=75, http://ap.rdcpix.com/f535e5a122f45c26e2d654dcfd1f39fal-b1792841389od-w480_h360_x2.webp?w=1080&q=75, http://ap.rdcpix.com/f535e5a122f45c26e2d654dcfd1f39fal-b425063783od-w480_h360_x2.webp?w=1080&q=75, http://ap.rdcpix.com/f535e5a122f45c26e2d654dcfd1f39fal-b2482905801od-w480_h360_x2.webp?w=1080&q=75, http://ap.rdcpix.com/f535e5a122f45c26e2d654dcfd1f39fal-b3279259948od-w480_h360_x2.webp?w=1080&q=75, http://ap.rdcpix.com/f535e5a122f45c26e2d654dcfd1f39fal-b1854012974od-w480_h360_x2.webp?w=1080&q=75, http://ap.rdcpix.com/f535e5a122f45c26e2d654dcfd1f39fal-b1026743906od-w480_h360_x2.webp?w=1080&q=75, http://ap.rdcpix.com/f535e5a122f45c26e2d654dcfd1f39fal-b1586502985od-w480_h360_x2.webp?w=1080&q=75, http://ap.rdcpix.com/f535e5a122f45c26e2d654dcfd1f39fal-b455993914od-w480_h360_x2.webp?w=1080&q=75, http://ap.rdcpix.com/f535e5a122f45c26e2d654dcfd1f39fal-b3703267939od-w480_h360_x2.webp?w=1080&q=75, http://ap.rdcpix.com/f535e5a122f45c26e2d654dcfd1f39fal-b67504796od-w480_h360_x2.webp?w=1080&q=75, http://ap.rdcpix.com/f535e5a122f45c26e2d654dcfd1f39fal-b379702339od-w480_h360_x2.webp?w=1080&q=75, http://ap.rdcpix.com/f535e5a122f45c26e2d654dcfd1f39fal-b1344291709od-w480_h360_x2.webp?w=1080&q=75, http://ap.rdcpix.com/f535e5a122f45c26e2d654dcfd1f39fal-b700923936od-w480_h360_x2.webp?w=1080&q=75, http://ap.rdcpix.com/f535e5a122f45c26e2d654dcfd1f39fal-b1819259931od-w480_h360_x2.webp?w=1080&q=75, http://ap.rdcpix.com/f535e5a122f45c26e2d654dcfd1f39fal-b457258429od-w480_h360_x2.webp?w=1080&q=75, http://ap.rdcpix.com/f535e5a122f45c26e2d654dcfd1f39fal-b4199665594od-w480_h360_x2.webp?w=1080&q=75, http://ap.rdcpix.com/f535e5a122f45c26e2d654dcfd1f39fal-b3620251231od-w480_h360_x2.webp?w=1080&q=75"
https://www.realtor.com/realestateandhomes-detail/3196737310,BSMA,73165535,SOLD,SINGLE_FAMILY,10  Fieldstone Way,,Boxford,MA,01921,4,3,,3705,1994,44,1299000,2023-10-03,1294000,2023-11-16,182952,349,42.686168,-71.007409,,0,3,http://ap.rdcpix.com/649b364dce908fc2bbfb85b48a2d73b6l-m3057584983od-w480_h360_x2.webp?w=1080&q=75,"http://ap.rdcpix.com/649b364dce908fc2bbfb85b48a2d73b6l-m3057584983od-w480_h360_x2.webp?w=1080&q=75, http://ap.rdcpix.com/649b364dce908fc2bbfb85b48a2d73b6l-m2509714054od-w480_h360_x2.webp?w=1080&q=75, http://ap.rdcpix.com/649b364dce908fc2bbfb85b48a2d73b6l-m1691795928od-w480_h360_x2.webp?w=1080&q=75, http://ap.rdcpix.com/649b364dce908fc2bbfb85b48a2d73b6l-m1621716370od-w480_h360_x2.webp?w=1080&q=75, http://ap.rdcpix.com/649b364dce908fc2bbfb85b48a2d73b6l-m3223112318od-w480_h360_x2.webp?w=1080&q=75, http://ap.rdcpix.com/649b364dce908fc2bbfb85b48a2d73b6l-m671487401od-w480_h360_x2.webp?w=1080&q=75, http://ap.rdcpix.com/649b364dce908fc2bbfb85b48a2d73b6l-m2081154688od-w480_h360_x2.webp?w=1080&q=75, http://ap.rdcpix.com/649b364dce908fc2bbfb85b48a2d73b6l-m3933463517od-w480_h360_x2.webp?w=1080&q=75, http://ap.rdcpix.com/649b364dce908fc2bbfb85b48a2d73b6l-m3020083716od-w480_h360_x2.webp?w=1080&q=75, http://ap.rdcpix.com/649b364dce908fc2bbfb85b48a2d73b6l-m4088659076od-w480_h360_x2.webp?w=1080&q=75, http://ap.rdcpix.com/649b364dce908fc2bbfb85b48a2d73b6l-m1390753349od-w480_h360_x2.webp?w=1080&q=75, http://ap.rdcpix.com/649b364dce908fc2bbfb85b48a2d73b6l-m2055401741od-w480_h360_x2.webp?w=1080&q=75, http://ap.rdcpix.com/649b364dce908fc2bbfb85b48a2d73b6l-m4168750394od-w480_h360_x2.webp?w=1080&q=75, http://ap.rdcpix.com/649b364dce908fc2bbfb85b48a2d73b6l-m1271114474od-w480_h360_x2.webp?w=1080&q=75, http://ap.rdcpix.com/649b364dce908fc2bbfb85b48a2d73b6l-m983159812od-w480_h360_x2.webp?w=1080&q=75, http://ap.rdcpix.com/649b364dce908fc2bbfb85b48a2d73b6l-m3818582561od-w480_h360_x2.webp?w=1080&q=75, http://ap.rdcpix.com/649b364dce908fc2bbfb85b48a2d73b6l-m472751350od-w480_h360_x2.webp?w=1080&q=75, http://ap.rdcpix.com/649b364dce908fc2bbfb85b48a2d73b6l-m750449412od-w480_h360_x2.webp?w=1080&q=75, http://ap.rdcpix.com/649b364dce908fc2bbfb85b48a2d73b6l-m3101971654od-w480_h360_x2.webp?w=1080&q=75, http://ap.rdcpix.com/649b364dce908fc2bbfb85b48a2d73b6l-m1438541508od-w480_h360_x2.webp?w=1080&q=75, http://ap.rdcpix.com/649b364dce908fc2bbfb85b48a2d73b6l-m3319389805od-w480_h360_x2.webp?w=1080&q=75, http://ap.rdcpix.com/649b364dce908fc2bbfb85b48a2d73b6l-m1552213828od-w480_h360_x2.webp?w=1080&q=75, http://ap.rdcpix.com/649b364dce908fc2bbfb85b48a2d73b6l-m3065857797od-w480_h360_x2.webp?w=1080&q=75, http://ap.rdcpix.com/649b364dce908fc2bbfb85b48a2d73b6l-m2662988068od-w480_h360_x2.webp?w=1080&q=75, http://ap.rdcpix.com/649b364dce908fc2bbfb85b48a2d73b6l-m372581124od-w480_h360_x2.webp?w=1080&q=75, http://ap.rdcpix.com/649b364dce908fc2bbfb85b48a2d73b6l-m1794145493od-w480_h360_x2.webp?w=1080&q=75, http://ap.rdcpix.com/649b364dce908fc2bbfb85b48a2d73b6l-m921645635od-w480_h360_x2.webp?w=1080&q=75, http://ap.rdcpix.com/649b364dce908fc2bbfb85b48a2d73b6l-m2706252032od-w480_h360_x2.webp?w=1080&q=75, http://ap.rdcpix.com/649b364dce908fc2bbfb85b48a2d73b6l-m3436350645od-w480_h360_x2.webp?w=1080&q=75, http://ap.rdcpix.com/649b364dce908fc2bbfb85b48a2d73b6l-m966320222od-w480_h360_x2.webp?w=1080&q=75, http://ap.rdcpix.com/649b364dce908fc2bbfb85b48a2d73b6l-m1051854032od-w480_h360_x2.webp?w=1080&q=75, http://ap.rdcpix.com/649b364dce908fc2bbfb85b48a2d73b6l-m3548584272od-w480_h360_x2.webp?w=1080&q=75, http://ap.rdcpix.com/649b364dce908fc2bbfb85b48a2d73b6l-m3628104711od-w480_h360_x2.webp?w=1080&q=75, http://ap.rdcpix.com/649b364dce908fc2bbfb85b48a2d73b6l-m2086653364od-w480_h360_x2.webp?w=1080&q=75, http://ap.rdcpix.com/649b364dce908fc2bbfb85b48a2d73b6l-m3421364952od-w480_h360_x2.webp?w=1080&q=75, http://ap.rdcpix.com/649b364dce908fc2bbfb85b48a2d73b6l-m2510166974od-w480_h360_x2.webp?w=1080&q=75, http://ap.rdcpix.com/649b364dce908fc2bbfb85b48a2d73b6l-m107213485od-w480_h360_x2.webp?w=1080&q=75, http://ap.rdcpix.com/649b364dce908fc2bbfb85b48a2d73b6l-m53796937od-w480_h360_x2.webp?w=1080&q=75, http://ap.rdcpix.com/649b364dce908fc2bbfb85b48a2d73b6l-m305417184od-w480_h360_x2.webp?w=1080&q=75, http://ap.rdcpix.com/649b364dce908fc2bbfb85b48a2d73b6l-m3411692748od-w480_h360_x2.webp?w=1080&q=75, http://ap.rdcpix.com/649b364dce908fc2bbfb85b48a2d73b6l-m188076591od-w480_h360_x2.webp?w=1080&q=75, http://ap.rdcpix.com/649b364dce908fc2bbfb85b48a2d73b6l-m3915519135od-w480_h360_x2.webp?w=1080&q=75"
https://www.realtor.com/realestateandhomes-detail/4293846138,BSMA,73167350,SOLD,SINGLE_FAMILY,25  Lawrence Rd,,Boxford,MA,01921,3,2,,2046,1955,42,649000,2023-10-05,655000,2023-11-16,65340,320,42.666517,-71.022828,,0,,http://ap.rdcpix.com/218f358b5e3f7c2967f884be11b9212cl-b221803236od-w480_h360_x2.webp?w=1080&q=75,"http://ap.rdcpix.com/218f358b5e3f7c2967f884be11b9212cl-b221803236od-w480_h360_x2.webp?w=1080&q=75, http://ap.rdcpix.com/218f358b5e3f7c2967f884be11b9212cl-b2654245162od-w480_h360_x2.webp?w=1080&q=75, http://ap.rdcpix.com/218f358b5e3f7c2967f884be11b9212cl-b2376096186od-w480_h360_x2.webp?w=1080&q=75, http://ap.rdcpix.com/218f358b5e3f7c2967f884be11b9212cl-b41547519od-w480_h360_x2.webp?w=1080&q=75, http://ap.rdcpix.com/218f358b5e3f7c2967f884be11b9212cl-b3805745079od-w480_h360_x2.webp?w=1080&q=75, http://ap.rdcpix.com/218f358b5e3f7c2967f884be11b9212cl-b1466398239od-w480_h360_x2.webp?w=1080&q=75, http://ap.rdcpix.com/218f358b5e3f7c2967f884be11b9212cl-b1160072122od-w480_h360_x2.webp?w=1080&q=75, http://ap.rdcpix.com/218f358b5e3f7c2967f884be11b9212cl-b2485401591od-w480_h360_x2.webp?w=1080&q=75, http://ap.rdcpix.com/218f358b5e3f7c2967f884be11b9212cl-b1612456875od-w480_h360_x2.webp?w=1080&q=75, http://ap.rdcpix.com/218f358b5e3f7c2967f884be11b9212cl-b1321135481od-w480_h360_x2.webp?w=1080&q=75, http://ap.rdcpix.com/218f358b5e3f7c2967f884be11b9212cl-b4030822647od-w480_h360_x2.webp?w=1080&q=75, http://ap.rdcpix.com/218f358b5e3f7c2967f884be11b9212cl-b2909261956od-w480_h360_x2.webp?w=1080&q=75, http://ap.rdcpix.com/218f358b5e3f7c2967f884be11b9212cl-b3947746424od-w480_h360_x2.webp?w=1080&q=75, http://ap.rdcpix.com/218f358b5e3f7c2967f884be11b9212cl-b2030843592od-w480_h360_x2.webp?w=1080&q=75, http://ap.rdcpix.com/218f358b5e3f7c2967f884be11b9212cl-b3771661532od-w480_h360_x2.webp?w=1080&q=75, http://ap.rdcpix.com/218f358b5e3f7c2967f884be11b9212cl-b1153293333od-w480_h360_x2.webp?w=1080&q=75, http://ap.rdcpix.com/218f358b5e3f7c2967f884be11b9212cl-b3640265693od-w480_h360_x2.webp?w=1080&q=75, http://ap.rdcpix.com/218f358b5e3f7c2967f884be11b9212cl-b1401408723od-w480_h360_x2.webp?w=1080&q=75, http://ap.rdcpix.com/218f358b5e3f7c2967f884be11b9212cl-b1628699049od-w480_h360_x2.webp?w=1080&q=75, http://ap.rdcpix.com/218f358b5e3f7c2967f884be11b9212cl-b1667819921od-w480_h360_x2.webp?w=1080&q=75, http://ap.rdcpix.com/218f358b5e3f7c2967f884be11b9212cl-b1819443630od-w480_h360_x2.webp?w=1080&q=75, http://ap.rdcpix.com/218f358b5e3f7c2967f884be11b9212cl-b1960773508od-w480_h360_x2.webp?w=1080&q=75, http://ap.rdcpix.com/218f358b5e3f7c2967f884be11b9212cl-b1375784545od-w480_h360_x2.webp?w=1080&q=75, http://ap.rdcpix.com/218f358b5e3f7c2967f884be11b9212cl-b1124697408od-w480_h360_x2.webp?w=1080&q=75, http://ap.rdcpix.com/218f358b5e3f7c2967f884be11b9212cl-b2134447178od-w480_h360_x2.webp?w=1080&q=75, http://ap.rdcpix.com/218f358b5e3f7c2967f884be11b9212cl-b461373051od-w480_h360_x2.webp?w=1080&q=75, http://ap.rdcpix.com/218f358b5e3f7c2967f884be11b9212cl-b1371867772od-w480_h360_x2.webp?w=1080&q=75, http://ap.rdcpix.com/218f358b5e3f7c2967f884be11b9212cl-b2640461104od-w480_h360_x2.webp?w=1080&q=75, http://ap.rdcpix.com/218f358b5e3f7c2967f884be11b9212cl-b1642390946od-w480_h360_x2.webp?w=1080&q=75, http://ap.rdcpix.com/218f358b5e3f7c2967f884be11b9212cl-b562122603od-w480_h360_x2.webp?w=1080&q=75, http://ap.rdcpix.com/218f358b5e3f7c2967f884be11b9212cl-b1271697524od-w480_h360_x2.webp?w=1080&q=75, http://ap.rdcpix.com/218f358b5e3f7c2967f884be11b9212cl-b95548905od-w480_h360_x2.webp?w=1080&q=75, http://ap.rdcpix.com/218f358b5e3f7c2967f884be11b9212cl-b1367764724od-w480_h360_x2.webp?w=1080&q=75, http://ap.rdcpix.com/218f358b5e3f7c2967f884be11b9212cl-b2483777222od-w480_h360_x2.webp?w=1080&q=75, http://ap.rdcpix.com/218f358b5e3f7c2967f884be11b9212cl-b1587912780od-w480_h360_x2.webp?w=1080&q=75, http://ap.rdcpix.com/218f358b5e3f7c2967f884be11b9212cl-b612393042od-w480_h360_x2.webp?w=1080&q=75, http://ap.rdcpix.com/218f358b5e3f7c2967f884be11b9212cl-b1995221678od-w480_h360_x2.webp?w=1080&q=75, http://ap.rdcpix.com/218f358b5e3f7c2967f884be11b9212cl-b3619748155od-w480_h360_x2.webp?w=1080&q=75"
https://www.realtor.com/realestateandhomes-detail/4580045427,BSMA,72909026,SOLD,SINGLE_FAMILY,108  Stiles Pond Rd,,Boxford,MA,01921,2,1,,992,2004,,399900,2023-12-04,415000,2023-11-13,3000,418,42.688349,-71.035097,,0,,http://ap.rdcpix.com/f0d247db8eeb21f7901f00108fff9575l-m446316392od-w480_h360_x2.webp?w=1080&q=75,"http://ap.rdcpix.com/f0d247db8eeb21f7901f00108fff9575l-m446316392od-w480_h360_x2.webp?w=1080&q=75, http://ap.rdcpix.com/f0d247db8eeb21f7901f00108fff9575l-m4291309518od-w480_h360_x2.webp?w=1080&q=75, http://ap.rdcpix.com/f0d247db8eeb21f7901f00108fff9575l-m1725522374od-w480_h360_x2.webp?w=1080&q=75, http://ap.rdcpix.com/f0d247db8eeb21f7901f00108fff9575l-m1273311847od-w480_h360_x2.webp?w=1080&q=75, http://ap.rdcpix.com/f0d247db8eeb21f7901f00108fff9575l-m1298378951od-w480_h360_x2.webp?w=1080&q=75, http://ap.rdcpix.com/f0d247db8eeb21f7901f00108fff9575l-m3342433552od-w480_h360_x2.webp?w=1080&q=75, http://ap.rdcpix.com/f0d247db8eeb21f7901f00108fff9575l-m1033360226od-w480_h360_x2.webp?w=1080&q=75, http://ap.rdcpix.com/f0d247db8eeb21f7901f00108fff9575l-m1707289629od-w480_h360_x2.webp?w=1080&q=75, http://ap.rdcpix.com/f0d247db8eeb21f7901f00108fff9575l-m2396716498od-w480_h360_x2.webp?w=1080&q=75, http://ap.rdcpix.com/f0d247db8eeb21f7901f00108fff9575l-m4021798482od-w480_h360_x2.webp?w=1080&q=75, http://ap.rdcpix.com/f0d247db8eeb21f7901f00108fff9575l-m192455226od-w480_h360_x2.webp?w=1080&q=75, http://ap.rdcpix.com/f0d247db8eeb21f7901f00108fff9575l-m3138175701od-w480_h360_x2.webp?w=1080&q=75, http://ap.rdcpix.com/f0d247db8eeb21f7901f00108fff9575l-m2319422682od-w480_h360_x2.webp?w=1080&q=75, http://ap.rdcpix.com/f0d247db8eeb21f7901f00108fff9575l-m2254400462od-w480_h360_x2.webp?w=1080&q=75, http://ap.rdcpix.com/f0d247db8eeb21f7901f00108fff9575l-m375813147od-w480_h360_x2.webp?w=1080&q=75, http://ap.rdcpix.com/f0d247db8eeb21f7901f00108fff9575l-m4095904272od-w480_h360_x2.webp?w=1080&q=75, http://ap.rdcpix.com/f0d247db8eeb21f7901f00108fff9575l-m1588930052od-w480_h360_x2.webp?w=1080&q=75, http://ap.rdcpix.com/f0d247db8eeb21f7901f00108fff9575l-m3968996628od-w480_h360_x2.webp?w=1080&q=75, http://ap.rdcpix.com/f0d247db8eeb21f7901f00108fff9575l-m2665260419od-w480_h360_x2.webp?w=1080&q=75, http://ap.rdcpix.com/f0d247db8eeb21f7901f00108fff9575l-m2413470187od-w480_h360_x2.webp?w=1080&q=75, http://ap.rdcpix.com/f0d247db8eeb21f7901f00108fff9575l-m4187675891od-w480_h360_x2.webp?w=1080&q=75, http://ap.rdcpix.com/f0d247db8eeb21f7901f00108fff9575l-m956141245od-w480_h360_x2.webp?w=1080&q=75, http://ap.rdcpix.com/f0d247db8eeb21f7901f00108fff9575l-m889084802od-w480_h360_x2.webp?w=1080&q=75, http://ap.rdcpix.com/f0d247db8eeb21f7901f00108fff9575l-m1841756094od-w480_h360_x2.webp?w=1080&q=75, http://ap.rdcpix.com/f0d247db8eeb21f7901f00108fff9575l-m833152596od-w480_h360_x2.webp?w=1080&q=75, http://ap.rdcpix.com/f0d247db8eeb21f7901f00108fff9575l-m2267224988od-w480_h360_x2.webp?w=1080&q=75, http://ap.rdcpix.com/f0d247db8eeb21f7901f00108fff9575l-m310964640od-w480_h360_x2.webp?w=1080&q=75, http://ap.rdcpix.com/f0d247db8eeb21f7901f00108fff9575l-m3142372987od-w480_h360_x2.webp?w=1080&q=75, http://ap.rdcpix.com/f0d247db8eeb21f7901f00108fff9575l-m3327613569od-w480_h360_x2.webp?w=1080&q=75, http://ap.rdcpix.com/f0d247db8eeb21f7901f00108fff9575l-m3804406523od-w480_h360_x2.webp?w=1080&q=75, http://ap.rdcpix.com/f0d247db8eeb21f7901f00108fff9575l-m1202082845od-w480_h360_x2.webp?w=1080&q=75, http://ap.rdcpix.com/f0d247db8eeb21f7901f00108fff9575l-m1180529826od-w480_h360_x2.webp?w=1080&q=75"
https://www.realtor.com/realestateandhomes-detail/9449149715,BSMA,73147892,SOLD,SINGLE_FAMILY,4C  Stiles Pond Rd,,Boxford,MA,01921,3,2,,3600,1984,87,1195000,2023-08-14,1097000,2023-11-09,348480,305,42.689899,-71.040771,,0,3,http://ap.rdcpix.com/26c55110c53edb474e6bf42462fde21dl-b3902095417od-w480_h360_x2.webp?w=1080&q=75,"http://ap.rdcpix.com/26c55110c53edb474e6bf42462fde21dl-b3902095417od-w480_h360_x2.webp?w=1080&q=75, http://ap.rdcpix.com/26c55110c53edb474e6bf42462fde21dl-b3514348339od-w480_h360_x2.webp?w=1080&q=75, http://ap.rdcpix.com/26c55110c53edb474e6bf42462fde21dl-b3926040534od-w480_h360_x2.webp?w=1080&q=75, http://ap.rdcpix.com/26c55110c53edb474e6bf42462fde21dl-b1861246492od-w480_h360_x2.webp?w=1080&q=75, http://ap.rdcpix.com/26c55110c53edb474e6bf42462fde21dl-b2370600631od-w480_h360_x2.webp?w=1080&q=75, http://ap.rdcpix.com/26c55110c53edb474e6bf42462fde21dl-b1016779450od-w480_h360_x2.webp?w=1080&q=75, http://ap.rdcpix.com/26c55110c53edb474e6bf42462fde21dl-b130672393od-w480_h360_x2.webp?w=1080&q=75, http://ap.rdcpix.com/26c55110c53edb474e6bf42462fde21dl-b4266693039od-w480_h360_x2.webp?w=1080&q=75, http://ap.rdcpix.com/26c55110c53edb474e6bf42462fde21dl-b2254005055od-w480_h360_x2.webp?w=1080&q=75, http://ap.rdcpix.com/26c55110c53edb474e6bf42462fde21dl-b1538090707od-w480_h360_x2.webp?w=1080&q=75, http://ap.rdcpix.com/26c55110c53edb474e6bf42462fde21dl-b3571314522od-w480_h360_x2.webp?w=1080&q=75, http://ap.rdcpix.com/26c55110c53edb474e6bf42462fde21dl-b2880430710od-w480_h360_x2.webp?w=1080&q=75, http://ap.rdcpix.com/26c55110c53edb474e6bf42462fde21dl-b1248844521od-w480_h360_x2.webp?w=1080&q=75, http://ap.rdcpix.com/26c55110c53edb474e6bf42462fde21dl-b3396662545od-w480_h360_x2.webp?w=1080&q=75, http://ap.rdcpix.com/26c55110c53edb474e6bf42462fde21dl-b388487978od-w480_h360_x2.webp?w=1080&q=75, http://ap.rdcpix.com/26c55110c53edb474e6bf42462fde21dl-b597121214od-w480_h360_x2.webp?w=1080&q=75, http://ap.rdcpix.com/26c55110c53edb474e6bf42462fde21dl-b2969936736od-w480_h360_x2.webp?w=1080&q=75, http://ap.rdcpix.com/26c55110c53edb474e6bf42462fde21dl-b1466884731od-w480_h360_x2.webp?w=1080&q=75, http://ap.rdcpix.com/26c55110c53edb474e6bf42462fde21dl-b3999236989od-w480_h360_x2.webp?w=1080&q=75, http://ap.rdcpix.com/26c55110c53edb474e6bf42462fde21dl-b2655450668od-w480_h360_x2.webp?w=1080&q=75, http://ap.rdcpix.com/26c55110c53edb474e6bf42462fde21dl-b2452513451od-w480_h360_x2.webp?w=1080&q=75, http://ap.rdcpix.com/26c55110c53edb474e6bf42462fde21dl-b2871302469od-w480_h360_x2.webp?w=1080&q=75, http://ap.rdcpix.com/26c55110c53edb474e6bf42462fde21dl-b934827464od-w480_h360_x2.webp?w=1080&q=75, http://ap.rdcpix.com/26c55110c53edb474e6bf42462fde21dl-b1972969671od-w480_h360_x2.webp?w=1080&q=75, http://ap.rdcpix.com/26c55110c53edb474e6bf42462fde21dl-b2390229398od-w480_h360_x2.webp?w=1080&q=75, http://ap.rdcpix.com/26c55110c53edb474e6bf42462fde21dl-b3446884628od-w480_h360_x2.webp?w=1080&q=75, http://ap.rdcpix.com/26c55110c53edb474e6bf42462fde21dl-b3691910631od-w480_h360_x2.webp?w=1080&q=75, http://ap.rdcpix.com/26c55110c53edb474e6bf42462fde21dl-b973990172od-w480_h360_x2.webp?w=1080&q=75, http://ap.rdcpix.com/26c55110c53edb474e6bf42462fde21dl-b3156539610od-w480_h360_x2.webp?w=1080&q=75, http://ap.rdcpix.com/26c55110c53edb474e6bf42462fde21dl-b2724388134od-w480_h360_x2.webp?w=1080&q=75, http://ap.rdcpix.com/26c55110c53edb474e6bf42462fde21dl-b3336385253od-w480_h360_x2.webp?w=1080&q=75, http://ap.rdcpix.com/26c55110c53edb474e6bf42462fde21dl-b1623057947od-w480_h360_x2.webp?w=1080&q=75, http://ap.rdcpix.com/26c55110c53edb474e6bf42462fde21dl-b2924527929od-w480_h360_x2.webp?w=1080&q=75, http://ap.rdcpix.com/26c55110c53edb474e6bf42462fde21dl-b2565456789od-w480_h360_x2.webp?w=1080&q=75, http://ap.rdcpix.com/26c55110c53edb474e6bf42462fde21dl-b3888092599od-w480_h360_x2.webp?w=1080&q=75, http://ap.rdcpix.com/26c55110c53edb474e6bf42462fde21dl-b3278846258od-w480_h360_x2.webp?w=1080&q=75, http://ap.rdcpix.com/26c55110c53edb474e6bf42462fde21dl-b501442693od-w480_h360_x2.webp?w=1080&q=75"
https://www.realtor.com/realestateandhomes-detail/3482194430,BSMA,73144772,SOLD,SINGLE_FAMILY,34  Townsend Farm Rd,,Boxford,MA,01921,4,4,,4838,1997,89,1390000,2023-08-09,1375000,2023-11-06,281398,284,42.656337,-71.01244,,0,3,http://ap.rdcpix.com/efc7a7f4c12cecf42cef9ce05fca2769l-m1269171879od-w480_h360_x2.webp?w=1080&q=75,"http://ap.rdcpix.com/efc7a7f4c12cecf42cef9ce05fca2769l-m1269171879od-w480_h360_x2.webp?w=1080&q=75, http://ap.rdcpix.com/efc7a7f4c12cecf42cef9ce05fca2769l-m3373705304od-w480_h360_x2.webp?w=1080&q=75, http://ap.rdcpix.com/efc7a7f4c12cecf42cef9ce05fca2769l-m1313607788od-w480_h360_x2.webp?w=1080&q=75, http://ap.rdcpix.com/efc7a7f4c12cecf42cef9ce05fca2769l-m2933731574od-w480_h360_x2.webp?w=1080&q=75, http://ap.rdcpix.com/efc7a7f4c12cecf42cef9ce05fca2769l-m1193278033od-w480_h360_x2.webp?w=1080&q=75, http://ap.rdcpix.com/efc7a7f4c12cecf42cef9ce05fca2769l-m1438056398od-w480_h360_x2.webp?w=1080&q=75, http://ap.rdcpix.com/efc7a7f4c12cecf42cef9ce05fca2769l-m1991769648od-w480_h360_x2.webp?w=1080&q=75, http://ap.rdcpix.com/efc7a7f4c12cecf42cef9ce05fca2769l-m1057573041od-w480_h360_x2.webp?w=1080&q=75, http://ap.rdcpix.com/efc7a7f4c12cecf42cef9ce05fca2769l-m4052246205od-w480_h360_x2.webp?w=1080&q=75, http://ap.rdcpix.com/efc7a7f4c12cecf42cef9ce05fca2769l-m933048701od-w480_h360_x2.webp?w=1080&q=75, http://ap.rdcpix.com/efc7a7f4c12cecf42cef9ce05fca2769l-m3927345039od-w480_h360_x2.webp?w=1080&q=75, http://ap.rdcpix.com/efc7a7f4c12cecf42cef9ce05fca2769l-m3512203615od-w480_h360_x2.webp?w=1080&q=75, http://ap.rdcpix.com/efc7a7f4c12cecf42cef9ce05fca2769l-m3420472677od-w480_h360_x2.webp?w=1080&q=75, http://ap.rdcpix.com/efc7a7f4c12cecf42cef9ce05fca2769l-m3478024359od-w480_h360_x2.webp?w=1080&q=75, http://ap.rdcpix.com/efc7a7f4c12cecf42cef9ce05fca2769l-m2436747653od-w480_h360_x2.webp?w=1080&q=75, http://ap.rdcpix.com/efc7a7f4c12cecf42cef9ce05fca2769l-m69616618od-w480_h360_x2.webp?w=1080&q=75, http://ap.rdcpix.com/efc7a7f4c12cecf42cef9ce05fca2769l-m999782431od-w480_h360_x2.webp?w=1080&q=75, http://ap.rdcpix.com/efc7a7f4c12cecf42cef9ce05fca2769l-m227339080od-w480_h360_x2.webp?w=1080&q=75, http://ap.rdcpix.com/efc7a7f4c12cecf42cef9ce05fca2769l-m1724645913od-w480_h360_x2.webp?w=1080&q=75, http://ap.rdcpix.com/efc7a7f4c12cecf42cef9ce05fca2769l-m152049955od-w480_h360_x2.webp?w=1080&q=75, http://ap.rdcpix.com/efc7a7f4c12cecf42cef9ce05fca2769l-m393365959od-w480_h360_x2.webp?w=1080&q=75, http://ap.rdcpix.com/efc7a7f4c12cecf42cef9ce05fca2769l-m4066519969od-w480_h360_x2.webp?w=1080&q=75, http://ap.rdcpix.com/efc7a7f4c12cecf42cef9ce05fca2769l-m2603914624od-w480_h360_x2.webp?w=1080&q=75, http://ap.rdcpix.com/efc7a7f4c12cecf42cef9ce05fca2769l-m235377713od-w480_h360_x2.webp?w=1080&q=75, http://ap.rdcpix.com/efc7a7f4c12cecf42cef9ce05fca2769l-m1573387187od-w480_h360_x2.webp?w=1080&q=75, http://ap.rdcpix.com/efc7a7f4c12cecf42cef9ce05fca2769l-m1322319628od-w480_h360_x2.webp?w=1080&q=75, http://ap.rdcpix.com/efc7a7f4c12cecf42cef9ce05fca2769l-m66236410od-w480_h360_x2.webp?w=1080&q=75, http://ap.rdcpix.com/efc7a7f4c12cecf42cef9ce05fca2769l-m2196447044od-w480_h360_x2.webp?w=1080&q=75, http://ap.rdcpix.com/efc7a7f4c12cecf42cef9ce05fca2769l-m3299596585od-w480_h360_x2.webp?w=1080&q=75, http://ap.rdcpix.com/efc7a7f4c12cecf42cef9ce05fca2769l-m356057874od-w480_h360_x2.webp?w=1080&q=75, http://ap.rdcpix.com/efc7a7f4c12cecf42cef9ce05fca2769l-m1384911753od-w480_h360_x2.webp?w=1080&q=75, http://ap.rdcpix.com/efc7a7f4c12cecf42cef9ce05fca2769l-m1206869548od-w480_h360_x2.webp?w=1080&q=75, http://ap.rdcpix.com/efc7a7f4c12cecf42cef9ce05fca2769l-m450345599od-w480_h360_x2.webp?w=1080&q=75, http://ap.rdcpix.com/efc7a7f4c12cecf42cef9ce05fca2769l-m3455132914od-w480_h360_x2.webp?w=1080&q=75, http://ap.rdcpix.com/efc7a7f4c12cecf42cef9ce05fca2769l-m3359461557od-w480_h360_x2.webp?w=1080&q=75, http://ap.rdcpix.com/efc7a7f4c12cecf42cef9ce05fca2769l-m3842995973od-w480_h360_x2.webp?w=1080&q=75, http://ap.rdcpix.com/efc7a7f4c12cecf42cef9ce05fca2769l-m1054425895od-w480_h360_x2.webp?w=1080&q=75, http://ap.rdcpix.com/efc7a7f4c12cecf42cef9ce05fca2769l-m1984373119od-w480_h360_x2.webp?w=1080&q=75, http://ap.rdcpix.com/efc7a7f4c12cecf42cef9ce05fca2769l-m4070020561od-w480_h360_x2.webp?w=1080&q=75, http://ap.rdcpix.com/efc7a7f4c12cecf42cef9ce05fca2769l-m1947967804od-w480_h360_x2.webp?w=1080&q=75, http://ap.rdcpix.com/efc7a7f4c12cecf42cef9ce05fca2769l-m843091666od-w480_h360_x2.webp?w=1080&q=75, http://ap.rdcpix.com/efc7a7f4c12cecf42cef9ce05fca2769l-m1807701686od-w480_h360_x2.webp?w=1080&q=75"
